source_platform,source_platform_url,data.id,data.desc,data.createTime,data.stats.collectCount,data.stats.commentCount,data.stats.diggCount,data.stats.playCount,data.stats.shareCount,data.author.nickname,data.author.id,data.duetDisplay,data.duetEnabled,data.author.uniqueId,video_url,sentiment_rulebased
tiktok.com,https://www.tiktok.com/@svpch,7559948116514934048,"Die masslose Zuwanderung fÃ¼hrt dazu, dass die Schweiz aus allen NÃ¤hten platzt. ÃœberfÃ¼llter Ã–V, zehntausende Staustunden auf den Strassen, Ã¼berfÃ¼llte Schulen, SpitÃ¤ler und Pflegeheime. Die Liste liesse sich beliebig verlÃ¤ngern. Diese Entwicklung muss endlich gestoppt werden. UnterstÃ¼tze deshalb die Nachhaltigkeitsinitiative:https://nachhaltigkeitsinitiative.ch/",2025-10-11 12:59:56,273,224,2600,78800,306,SVP Schweiz ğŸ‡¨ğŸ‡­,6949825166927807494,0,True,svpch,https://www.tiktok.com/@svpch/video/7559948116514934048,0.01
tiktok.com,https://www.tiktok.com/@svpch,7559155742662593824,"Bei der EinfÃ¼hrung der PersonenfreizÃ¼gigkeit hat der Bundesrat gesagt, es kÃ¤men jÃ¤hrlich 8'000 bis 10'000 Zuwanderer netto in die Schweiz. TatsÃ¤chlich kamen zehnmal mehr, nÃ¤mlich 80'000 bis 100'000 pro Jahr. Diese masslose Zuwanderung muss gestoppt werden. UnterstÃ¼tze deshalb die Nachhaltigkeitsinitiative: https://nachhaltigkeitsinitiative.ch/",2025-10-09 09:45:14,53,40,668,7143,35,SVP Schweiz ğŸ‡¨ğŸ‡­,6949825166927807494,0,True,svpch,https://www.tiktok.com/@svpch/video/7559155742662593824,0.0
tiktok.com,https://www.tiktok.com/@svpch,7558869632048844065,"Die Gewalt an Schulen nimmt massiv zu. In den SpitÃ¤lern braucht es mittlerweile SicherheitskrÃ¤fte. Das Zugpersonal erlebt eine unglaublich zunehmende Gewalt. Und das alles wegen Â«MultikultiÂ». Wer diese bedenkliche Entwicklung endlich stoppen will, unterstÃ¼tzt jetzt die Nachhaltigkeitsinitiative: https://nachhaltigkeitsinitiative.ch/",2025-10-08 15:14:54,337,209,5235,55400,620,SVP Schweiz ğŸ‡¨ğŸ‡­,6949825166927807494,0,True,svpch,https://www.tiktok.com/@svpch/video/7558869632048844065,-1.0
tiktok.com,https://www.tiktok.com/@svpch,7556285792461655329,"Was tut der zustÃ¤ndige Bundesrat Beat Jans gegen das Asyl-Chaos und die importierte KriminalitÃ¤t? Nichts! Deshalb muss jetzt das Volk handeln! Mit Ã¼ber 100â€™000 Unterschriften haben wir die Volksinitiative Â«Asylmissbrauch stoppen! (Grenzschutz-Initiative)Â» eingereicht. Die Initiative fordert systematische Grenzkontrollen und keine Einreise mehr fÃ¼r Asylmigranten, die aus einem sicheren Drittland kommen. #grenzschutzinitiative #asylmissbrauchstoppen #politik #schweiz",2025-10-01 16:08:31,478,321,8031,67200,1164,SVP Schweiz ğŸ‡¨ğŸ‡­,6949825166927807494,0,True,svpch,https://www.tiktok.com/@svpch/video/7556285792461655329,0.38
tiktok.com,https://www.tiktok.com/@svpch,7555448181174127905,,2025-09-29 09:57:58,229,77,3254,32400,238,SVP Schweiz ğŸ‡¨ğŸ‡­,6949825166927807494,0,True,svpch,https://www.tiktok.com/@svpch/video/7555448181174127905,0.0
tiktok.com,https://www.tiktok.com/@svpch,7554412826090114336,"Frauen die fÃ¼r ihre Familie da sein wollen, werden steuerlich bestraft? Das ist nicht fair. Deshalb JETZT das Referendum gegen diesen Steuer-Bschiss unterschreiben und sofort einschicken!âŒ steuer-schwindel-nein.ch/mitmachen",2025-09-26 15:00:12,14,9,198,3363,1,SVP Schweiz ğŸ‡¨ğŸ‡­,6949825166927807494,0,True,svpch,https://www.tiktok.com/@svpch/video/7554412826090114336,0.08
tiktok.com,https://www.tiktok.com/@svpch,7553969640607616288,"Die Schweiz leidet unter der masslosen Zuwanderung. Doch statt zu handeln, bricht der Bundesrat die Verfassung und will die Zuwanderung mit dem EU-Unterwerfungsvertrag weiter anheizen. Nationalrat Thomas Matter redet im Parlament Klartext. Doch der zustÃ¤ndige Bundesrat, EU-Turbo Beat Jans (SP), plaudert lieber, statt die Sorgen der BevÃ¶lkerung ernst zu nehmen. Deshalb: JA zur Volksinitiative ""Keine 10-Millionen-Schweiz! (Nachhaltigkeits-Initiative)"". Jetzt unterstÃ¼tzen untehttps://nachhaltigkeitsinitiative.ch/mitmachen/",2025-09-25 10:20:27,53,69,868,9862,54,SVP Schweiz ğŸ‡¨ğŸ‡­,6949825166927807494,0,True,svpch,https://www.tiktok.com/@svpch/video/7553969640607616288,-0.99
tiktok.com,https://www.tiktok.com/@svpch,7553589101992234273,,2025-09-24 09:43:48,478,109,5078,53400,568,SVP Schweiz ğŸ‡¨ğŸ‡­,6949825166927807494,0,True,svpch,https://www.tiktok.com/@svpch/video/7553589101992234273,0.0
tiktok.com,https://www.tiktok.com/@svpch,7553309454737968417,,2025-09-23 15:38:56,200,169,3313,47000,267,SVP Schweiz ğŸ‡¨ğŸ‡­,6949825166927807494,0,True,svpch,https://www.tiktok.com/@svpch/video/7553309454737968417,0.0
tiktok.com,https://www.tiktok.com/@svpch,7550730599061785888,"Statt die Selbstbestimmung der Schweiz zu wahren, will der Bundesrat weitere Kompetenzen an die EU abgeben. So soll kÃ¼nftig der EU-Rat Ã¼ber Grenzschliessungen bei Pandemien entscheiden. Wir unterwerfen uns damit dem EU-Rat, obwohl wir nicht einmal EU-Mitglied sind! Das ist ein Vorgeschmack auf das, was uns mit dem EU-Unterwerfungsvertrag droht. Deshalb sagen wir klar NEIN zu diesem Unterwerfungsvertrag! #eu #unterwerfung #svp #politik #schweiz #grenzschutz #fyp #fy",2025-09-16 16:51:15,88,99,1099,15700,47,SVP Schweiz ğŸ‡¨ğŸ‡­,6949825166927807494,0,True,svpch,https://www.tiktok.com/@svpch/video/7550730599061785888,-0.79
tiktok.com,https://www.tiktok.com/@svpch,7549989723100417312,Der Eigenmietwert ist eine SteuerğŸ’° auf ein fiktives Einkommen. Diese Ungerechtigkeit gehÃ¶rt beseitigt. FÃ¼llt jetzt eure Abstimmungsunterlagen aus und sagt am 28. September JAâœ… zur Abschaffung des Eigenmietwerts (Bundesbeschluss vom 20. Dezember 2024 Ã¼ber die kantonalen Liegenschaftssteuern auf Zweitliegenschaften)! #eigenmietwert #politik #schweiz #abstimmung #fyp #fy,2025-09-14 16:56:27,223,138,4211,65400,147,SVP Schweiz ğŸ‡¨ğŸ‡­,6949825166927807494,0,True,svpch,https://www.tiktok.com/@svpch/video/7549989723100417312,-0.4
tiktok.com,https://www.tiktok.com/@svpch,7548858730872458529,"Alle NachbarlÃ¤nder kontrollieren ihre Grenzen. Nur SP-Bundesrat Jans verweigert Grenzkontrollen. Asyl-Chaos, illegale Migration und steigende KriminalitÃ¤t sind die Folgen. Weil's Jans nicht kann, braucht es unsere Grenzschutz-Initiative, die wir am 24. September einreichen. Danke an alle, die fleissig Unterschriften gesammelt haben! #grenzschutz #grenzschutzinitiative #politik #schweiz #asyl #bundesrat #fyp #fy",2025-09-11 15:47:30,185,128,2335,59500,124,SVP Schweiz ğŸ‡¨ğŸ‡­,6949825166927807494,0,True,svpch,https://www.tiktok.com/@svpch/video/7548858730872458529,-0.16
tiktok.com,https://www.tiktok.com/@svpch,7544273780567297312,"Marcel Dettling spricht mit Bundesrat RÃ¶sti Ã¼ber Kernkraft, Staustunden und dessen TikTok-Trend | Schauen Sie sich jetzt den Videocast ğŸ“º - DÃ¼tsch. DÃ¼tlich. DETTLING! - an. ğŸ‘‰ğŸ» www.svp.ch/ddd/ #schweiz #bern #politik #bundesrat #fyp #foryou #svp #dettling #rÃ¶sti #albertrÃ¶sti",2025-08-30 07:40:34,549,94,8919,124000,581,SVP Schweiz ğŸ‡¨ğŸ‡­,6949825166927807494,0,True,svpch,https://www.tiktok.com/@svpch/video/7544273780567297312,0.0
tiktok.com,https://www.tiktok.com/@svpch,7543559031592455456,"Mehr SteuernğŸ’°, mehr BÃ¼rokratie, weniger Geld fÃ¼r Familien und den arbeitenden Mittelstand? UnterschreibeğŸ“ deshalb noch heute das Referendum gegen die Individualbesteuerung um das zu verhindern: https://steuer-schwindel-nein.ch/",2025-08-28 09:07:46,115,102,1986,30900,67,SVP Schweiz ğŸ‡¨ğŸ‡­,6949825166927807494,0,True,svpch,https://www.tiktok.com/@svpch/video/7543559031592455456,0.0
tiktok.com,https://www.tiktok.com/@svpch,7539567746791542048,Mach es wie Nationalrat Benjamin Fischer und stimme am 28. September ebenfalls JAâœ… zur Abschaffung des Eigenmietwerts! (Bundesbeschluss Ã¼ber die kantonalen Liegenschaftssteuern auf Zweitliegenschaften),2025-08-17 15:00:21,64,140,1053,26200,54,SVP Schweiz ğŸ‡¨ğŸ‡­,6949825166927807494,0,True,svpch,https://www.tiktok.com/@svpch/video/7539567746791542048,-0.06
tiktok.com,https://www.tiktok.com/@svpch,7538750343576833312,Mach es wie StÃ¤nderat Werner Salzmann und stimme am 28. September ebenfalls JAâœ… zur Abschaffung des Eigenmietwerts! (Bundesbeschluss Ã¼ber die kantonalen Liegenschaftssteuern auf Zweitliegenschaften),2025-08-15 10:01:51,85,185,1696,32100,80,SVP Schweiz ğŸ‡¨ğŸ‡­,6949825166927807494,0,True,svpch,https://www.tiktok.com/@svpch/video/7538750343576833312,-0.06
tiktok.com,https://www.tiktok.com/@svpch,7533489516472995105,"Am 1. August 2025 stellt sich die alles entscheidende Frage: EU-Unterwerfungsvertrag âŒ oder Bundesbrief ğŸ‡¨ğŸ‡­? Freiheit oder Knechtschaft? FÃ¼r uns ist klar: Wir wollen frei sein, wie unsere VÃ¤ter waren â›°ï¸ğŸ”¥. Wir wollen diesen EU-Unterwerfungsvertrag nicht! KÃ¤mpfe mit uns fÃ¼r eine freie Schweiz - werde jetzt Mitglied bei der SVP: https://www.svp.ch/mitglied #schweiz #freiheit #svp #neutralitÃ¤t #unabhÃ¤ngigkeit #schweizerwerte #heimat #1august #EUunterwerfungsvertrag #fyp #foryou #viral #politik",2025-08-01 06:00:06,278,151,3946,58200,405,SVP Schweiz ğŸ‡¨ğŸ‡­,6949825166927807494,0,True,svpch,https://www.tiktok.com/@svpch/video/7533489516472995105,0.47
tiktok.com,https://www.tiktok.com/@svpch,7532771099164118305,JA zur Abschaffung des Eigenmietwerts. ğŸ  ğŸ‡¨ğŸ‡­ ğŸ“¹ @danihutti,2025-07-30 07:19:25,198,71,3129,37300,152,SVP Schweiz ğŸ‡¨ğŸ‡­,6949825166927807494,0,True,svpch,https://www.tiktok.com/@svpch/video/7532771099164118305,-0.06
tiktok.com,https://www.tiktok.com/@svpch,7531068602158435616,Steh mit uns fÃ¼r die Freiheit der Schweiz ein! Werde jetzt Mitglied bei der SVP! ğŸ‘‰ğŸ» svp.ch/mitglied,2025-07-25 17:12:49,38,53,474,8357,25,SVP Schweiz ğŸ‡¨ğŸ‡­,6949825166927807494,0,True,svpch,https://www.tiktok.com/@svpch/video/7531068602158435616,0.0
tiktok.com,https://www.tiktok.com/@svpch,7527589671589793056,"Nationalrat Pascal Schmid (TG): ""Die Linken wollen einen neuen Schutzstatus ins Asylgesetz schmuggeln und damit den Familiennachzug ausweiten. Jeder soll kommen und jeder soll bleiben dÃ¼rfen. Eine PersonenfreizÃ¼gigkeit mit der ganzen Welt? NEIN zu diesem Schwachsinn!""",2025-07-16 08:12:49,96,81,1243,21500,44,SVP Schweiz ğŸ‡¨ğŸ‡­,6949825166927807494,0,True,svpch,https://www.tiktok.com/@svpch/video/7527589671589793056,-0.0
tiktok.com,https://www.tiktok.com/@svpch,7527296339642797344,"Nationalrat Lars Guggisberg redet Klartext: Badi-Grabscher und -BelÃ¤stiger aus dem Maghreb sind Gesindel. Wer genug hat von solchen ZustÃ¤nden, unterschreibt JETZT die Grenzschutz-Initiative! ğŸ‘‰ https://grenzschutzinitiative.ch/ #Schwimmbad #migration #belÃ¤stigungen #4you #foryou #fyp #Migranten #politik #muslim #Porrentruy #gesindel",2025-07-15 13:26:39,724,507,9313,123100,1144,SVP Schweiz ğŸ‡¨ğŸ‡­,6949825166927807494,0,True,svpch,https://www.tiktok.com/@svpch/video/7527296339642797344,-0.0
tiktok.com,https://www.tiktok.com/@svpch,7526924465880567073,"In vielen Schweizer SchwimmbÃ¤dern herrschen mittlerweile untragbare ZustÃ¤nde. PÃ¶beleien, sexuelle BelÃ¤stigungen und respektloses Verhalten gegenÃ¼ber den Bademeistern gehÃ¶ren zur Tagesordnung. Die TÃ¤ter sind meist Migranten aus muslimischen LÃ¤ndern. Pruntrut hat Stopp gesagt â€“ es ist Zeit, dass der Rest der Schweiz dasselbe tut. #Schwimmbad #migration #belÃ¤stigungen #4you #foryou #fyp #Migranten #politik #muslim #Porrentruy",2025-07-14 13:24:59,641,290,8243,104300,690,SVP Schweiz ğŸ‡¨ğŸ‡­,6949825166927807494,0,True,svpch,https://www.tiktok.com/@svpch/video/7526924465880567073,-0.33
tiktok.com,https://www.tiktok.com/@svpch,7526853109792902432,"Es gab 370'000 Asylgesuche in der Schweiz, die es nach der Logik des Dublin-Systems gar nicht geben dÃ¼rfte. Und nur ein kleiner Teil davon sind wirklich FlÃ¼chtlinge, aber die meisten bleiben trotzdem hier. Die KriminalitÃ¤tsrate ist in den letzten 5 Jahren um 30% gestiegen. Jeder 4. TÃ¤ter ist entweder Asyl-Migrant oder illegal in der Schweiz. #unterwerfungsvertrag",2025-07-14 08:46:15,103,92,1371,20000,99,SVP Schweiz ğŸ‡¨ğŸ‡­,6949825166927807494,0,True,svpch,https://www.tiktok.com/@svpch/video/7526853109792902432,-0.62
tiktok.com,https://www.tiktok.com/@svpch,7526123867153173792,Im Tod sind alle gleich - keine Sonderregeln fÃ¼r Muslime! Mit dem Prix RÃ©sistance 2025 zeichnet die SVP Schweiz das Weinfelder Referendumskomitee aus fÃ¼r den Widerstand gegen ein muslimisches Grabfeld. | Schauen Sie sich jetzt den Videocast ğŸ“º - DÃ¼tsch. DÃ¼tlich. DETTLING! - an. ğŸ‘‰ğŸ» www.svp.ch/ddd #islam #rassismus #schwimmbad #schweiz #bern #politik #fyp #foryou #svp #dettling #Porrentruy #schweimmbad,2025-07-12 09:24:42,97,110,1983,31600,35,SVP Schweiz ğŸ‡¨ğŸ‡­,6949825166927807494,0,True,svpch,https://www.tiktok.com/@svpch/video/7526123867153173792,-0.07
tiktok.com,https://www.tiktok.com/@svpch,7525017592474488096,"Der Bundesrat will sich sogar noch freiwillig an dem SolidaritÃ¤tsmechanismus der EU anschliessen. Nationalrat Pascal Schmid (TG) erklÃ¤rt, was das bedeutet: Noch mehr Asylmigranten, weniger Selbstbestimmung und noch mehr Zahlungen ins Ausland! Deshalb NEIN zum EU-Unterwerfungsvertrag!",2025-07-09 09:51:49,58,109,1018,15400,38,SVP Schweiz ğŸ‡¨ğŸ‡­,6949825166927807494,0,True,svpch,https://www.tiktok.com/@svpch/video/7525017592474488096,0.01
tiktok.com,https://www.tiktok.com/@svpch,7524403006226451745,"Illegale Einreise und illegaler Aufenthalt in der Schweiz sind Straftaten gemÃ¤ss AuslÃ¤ndergesetz. Die BehÃ¶rden handeln nicht, weil es zu viele FÃ¤lle sind. Es gab Jahre, in denen wir jedes Jahr Ã¼ber 50'000 Aufgriffe von illegal anwesenden Personen hatten! Wer diesen Unsinn stoppen will, unterschreibt JETZT die Grenzschutz-Initiative! âœğŸ» https://grenzschutzinitiative.ch/",2025-07-07 18:11:51,199,94,1678,49600,230,SVP Schweiz ğŸ‡¨ğŸ‡­,6949825166927807494,0,True,svpch,https://www.tiktok.com/@svpch/video/7524403006226451745,-1.0
tiktok.com,https://www.tiktok.com/@svpch,7522362272790875424,Lassen Sie sich von den EU-Turbos nicht tÃ¤uschen: Diese Â«SchutzklauselÂ» ist eine wirkungslose Beruhigungspille fÃ¼r das Volk. Wir haben seit 23 Jahren eine Â«SchutzklauselÂ» bei der PersonenfreizÃ¼gigkeit. Sie wurde trotz rekordhoher Zuwanderung nie angewendet. Nein zum EU-Unterwerfungsvertrag â€“ Ja zu einer freien und erfolgreichen Schweiz! #unterwerfungsvertrag,2025-07-02 06:07:49,38,49,647,9724,26,SVP Schweiz ğŸ‡¨ğŸ‡­,6949825166927807494,0,True,svpch,https://www.tiktok.com/@svpch/video/7522362272790875424,0.53
tiktok.com,https://www.tiktok.com/@svpch,7521683755757489441,"NationalrÃ¤tin Magdalena Martullo-Blocher bringt es im Interview auf den Punkt: Der EU-Unterwerfungsvertrag bringt der Schweiz nur Nachteile. Das Schweizer Volk hat nichts mehr zu sagen! Wir mÃ¼ssen EU-Gesetze Ã¼bernehmen, EU-Richter entscheiden und es wird noch mehr Zuwanderung in unser kleines Land geben. https://www.20min.ch/story/duell-der-schwergewichte-svp-martullo-und-sp-nussbaumer-zoffen-sich-im-eu-streitgespraech-103370488",2025-06-30 10:14:47,301,637,4862,64900,350,SVP Schweiz ğŸ‡¨ğŸ‡­,6949825166927807494,0,True,svpch,https://www.tiktok.com/@svpch/video/7521683755757489441,-1.0
tiktok.com,https://www.tiktok.com/@svpch,7521324326776278305,"Nationalrat Gregor Rutz (ZH) bringt es auf den Punkt: Mit dem EU-Migrationspakt sollen wir noch mehr Asylmigranten aufnehmen, um die LÃ¤nder zu entlasten, die Ã¼berlastet sind und anschliessend wieder mehr Asylmigranten an eben diese LÃ¤nder zurÃ¼ckschicken. Wer diesen Unsinn stoppen will, unterschreibt JETZT die Grenzschutz-Initiative! #svp #politik #schweiz #asyl #schweiz #fyp #fy #Grenzschutzinitiative #Asylmissbrauchstoppen",2025-06-29 11:00:04,79,107,1104,15600,51,SVP Schweiz ğŸ‡¨ğŸ‡­,6949825166927807494,0,True,svpch,https://www.tiktok.com/@svpch/video/7521324326776278305,-1.0
tiktok.com,https://www.tiktok.com/@svpch,7520920603331792161,Nationalrat Manfred BÃ¼hler (BE): Â«Pro-PalÃ¤stina-Aktivisten legten die BahnhÃ¶fe Genf und Lausanne stundenlang lahm. Die arbeitende BevÃ¶lkerung wurde blockiert. Der finanzielle Schaden ist riesig. Die RÃ¤delsfÃ¼hrer sind von den StrafverfolgungsbehÃ¶rden zur Verantwortung zu ziehen.Â»,2025-06-28 09:10:51,45,37,909,10100,23,SVP Schweiz ğŸ‡¨ğŸ‡­,6949825166927807494,0,True,svpch,https://www.tiktok.com/@svpch/video/7520920603331792161,-0.42
tiktok.com,https://www.tiktok.com/@svpch,7520619483086556448,"Nationalrat Pascal Schmid (TG): Â«GemÃ¤ss der Asylstatistik des Bundes sinkt die Zahl der Asylgesuche. Dies hat jedoch nichts mit einer VerschÃ¤rfung der schweizerischen Asylpolitik zu tun, sondern mit dem strengeren Vorgehen in unseren NachbarlÃ¤ndern. Tatsache ist auch: Wir haben heute mit Ã¼ber 200'000 Personen einen rekordhohen Bestand an Asylmigranten im Land. Und Asylvorsteher Jans tut nichts dagegen!Â»",2025-06-27 13:45:03,59,91,1024,12800,53,SVP Schweiz ğŸ‡¨ğŸ‡­,6949825166927807494,0,True,svpch,https://www.tiktok.com/@svpch/video/7520619483086556448,-0.56
tiktok.com,https://www.tiktok.com/@svpch,7519496912119074081,"Das Schweizer Asylsystem ist komplett gescheitert. Dies veranschaulicht Nationalrat Pascal Schmid (TG) am Beispiel eines kriminellen Syrers, der bereits 8 Mal abgeschoben wurde. Weil er nach Deutschland, statt nach Syrien Ã¼berstellt wurde, reiste er immer wieder in die Schweiz ein! ""Und die arbeitende BevÃ¶lkerung in unserem Land muss diesen Unsinn bezahlen"", sagt Pascal Schmid. Wer diesen Unsinn stoppen will, unterschreibt JETZT die Grenzschutz-Initiative! ğŸ‘‰https://grenzschutzinitiative.ch/",2025-06-24 13:00:14,165,106,1722,34900,175,SVP Schweiz ğŸ‡¨ğŸ‡­,6949825166927807494,0,True,svpch,https://www.tiktok.com/@svpch/video/7519496912119074081,-1.0
tiktok.com,https://www.tiktok.com/@svpch,7519440765127281953,"Lassen Sie sich von den EU-Turbos nicht tÃ¤uschen: Die EU-VertrÃ¤ge bedeuten die Totale Unterwerfung unter die EU. Nicht mehr wir machen unsere Gesetze, sondern die EU. Und der EuropÃ¤ische Gerichtshof hat das letzte Wort, nicht mehr wir Schweizer StimmbÃ¼rger. Und das nennen Sie einen Â«Gewinn an SouverÃ¤nitÃ¤tÂ», Frau Moser? Nein zum EU-Unterwerfungsvertrag â€“ Ja zu einer freien und erfolgreichen Schweiz! #unterwerfungsvertrag",2025-06-24 09:10:52,66,212,1146,14600,55,SVP Schweiz ğŸ‡¨ğŸ‡­,6949825166927807494,0,True,svpch,https://www.tiktok.com/@svpch/video/7519440765127281953,0.21
tiktok.com,https://www.tiktok.com/@svpch,7519382845681356064,"Nationalrat Benjamin Giezendanner (AG): Â«Links-grÃ¼n fordert mit der Klimafonds-Initiative einen Fonds, der jÃ¤hrlich mit bis zu einem Prozent des Bruttoinlandproduktes gefÃ¼ttert werden soll. Das sind rund 9 Milliarden Franken. Diese extreme Initiative ist reiner Betrug, denn es ist weder definiert, wie die Gelder eingesetzt werden, noch ist eine PrÃ¼fung vorgesehen, ob die Milliarden sinnvoll verwendet werden. Einmal mehr will Links-grÃ¼n dem BÃ¼rger das Geld aus der Tasche ziehen - zugunsten linker Profiteure.Â»",2025-06-24 06:03:51,79,81,1398,15300,54,SVP Schweiz ğŸ‡¨ğŸ‡­,6949825166927807494,0,True,svpch,https://www.tiktok.com/@svpch/video/7519382845681356064,-0.48
tiktok.com,https://www.tiktok.com/@svpch,7519180245350501664,Nationalrat Pascal Schmid (TG): Â«Der Schutzstatus S wird vermehrt missbraucht. Die Erwerbsquote der Ukrainer in der Schweiz liegt bei rund 30%. Der Status S ist faktisch eine PersonenfreizÃ¼gigkeit fÃ¼r Ukrainer - direkt in unseren Sozialstaat. Dies gilt es zu stoppen.Â»,2025-06-23 16:19:52,30,63,778,8524,19,SVP Schweiz ğŸ‡¨ğŸ‡­,6949825166927807494,0,True,svpch,https://www.tiktok.com/@svpch/video/7519180245350501664,-0.0
tiktok.com,https://www.tiktok.com/@svpch,7543484312386030880,Seven Thinking Steps ğŸ’­ zum EU-Vertragspaket ğŸ‡ªğŸ‡ºğŸ“„ mit Magdalena Martullo-Blocher Im heutigen Podcast geht es um zwei neue Abkommen im Bereich Gesundheit und Lebensmittelsicherheit. Muss kÃ¼nftig jeder Grillstand zertifiziert werden und jeder freiwillige Helfer eine Hygieneschulung gemÃ¤ss EU-Vorschrift machen? Und mÃ¼ssen wir bei einer Pandemie die Massnahmen der EU Ã¼bernehmen? Vom Impfzwang bis zur Ausgangssperre? https://youtu.be/flGUXs8t5Bk,2025-08-28 05:00:05,284,279,3485,90400,302,Unterwerfungsvertrag,7537589611774805014,0,True,unterwerfungsvertrag,https://www.tiktok.com/@unterwerfungsvertrag/video/7543484312386030880,0.01
tiktok.com,https://www.tiktok.com/@svpch,7543125571786607904,"Seven Thinking Steps ğŸ’­ zum EU-Vertragspaket ğŸ‡ªğŸ‡ºğŸ“„ mit Magdalena Martullo-Blocher Im heutigen Podcast geht es um die sogenannten staatlichen Beihilfen. Damit sind Subventionen, Steuervorteile, vergÃ¼nstigte Darlehen oder Staatsgarantien gemeint. KÃ¶nnen wir kÃ¼nftig erneuerbare Energien, die SBB oder eine Sportarena noch finanziell unterstÃ¼tzen? ğŸ‘‰ğŸ» https://youtu.be/bNgr5RvgyVk",2025-08-27 05:00:05,16,55,489,10600,12,Unterwerfungsvertrag,7537589611774805014,0,True,unterwerfungsvertrag,https://www.tiktok.com/@unterwerfungsvertrag/video/7543125571786607904,0.01
tiktok.com,https://www.tiktok.com/@svpch,7542721960413842720,Seven Thinking Steps ğŸ’­ zum EU-Vertragspaket ğŸ‡ªğŸ‡ºğŸ“„ mit Magdalena Martullo-Blocher Im heutigen Podcast geht es um das geplante Stromabkommen mit der EU. Wird der Strom teurer fÃ¼r private Haushalte? Wird kÃ¼nftig die EU Ã¼ber unsere Wasserkraftreserven verfÃ¼gen? Wird der liberalisierte Strommarkt mehr Vor- oder Nachteile bringen? ğŸ‘‰ğŸ» https://youtu.be/s_yW5VsOlkY,2025-08-26 05:00:04,0,2,9,447,0,Unterwerfungsvertrag,7537589611774805014,0,True,unterwerfungsvertrag,https://www.tiktok.com/@unterwerfungsvertrag/video/7542721960413842720,-1.0
tiktok.com,https://www.tiktok.com/@svpch,7542383927713893664,"Seven Thinking Steps ğŸ’­ zum EU-Vertragspaket ğŸ‡ªğŸ‡ºğŸ“„ mit Magdalena Martullo-Blocher Im heutigen Podcast geht es um die Zuwanderung aus der EU. Werden noch mehr Leute in die Schweiz kommen? Droht uns eine Zuwanderung von EU-BÃ¼rgern ins Schweizer Sozialsystem? Was taugt die sogenannte Â«SchutzklauselÂ», die der Bundesrat ausgehandelt hat? #Podcast #SevenThinkingSteps #Schweiz #EU #Politik #Debatte #Diskussion #Trending #Zuwanderung #Migration #EUVertrag #Sozialstaat #Schutzklausel #SchweizerPolitik #MartulloBlocher #Bundesrat #FragestattAntwort #PolitTalk #Gedankenanstoss #EuropaDiskussion #Meinung",2025-08-25 05:06:49,47,93,1006,19800,52,Unterwerfungsvertrag,7537589611774805014,0,True,unterwerfungsvertrag,https://www.tiktok.com/@unterwerfungsvertrag/video/7542383927713893664,-0.35
tiktok.com,https://www.tiktok.com/@svpch,7542021513046707489,Seven Thinking Steps ğŸ’­ zum EU-Vertragspaket ğŸ‡ªğŸ‡ºğŸ“„ mit Magdalena Martullo-Blocher Im heutigen Podcast geht es ums Geld: Was kosten uns die EU-VertrÃ¤ge? Wer zahlt? Profitiert der einzelne BÃ¼rger von den EU-VertrÃ¤gen? Wie teuer ist die EU-BÃ¼rokratie fÃ¼r uns alle? ğŸ‘‰ğŸ» https://youtu.be/f6VR--tBy9s,2025-08-24 06:30:19,0,1,13,419,3,Unterwerfungsvertrag,7537589611774805014,0,True,unterwerfungsvertrag,https://www.tiktok.com/@unterwerfungsvertrag/video/7542021513046707489,-0.27
tiktok.com,https://www.tiktok.com/@svpch,7541658474640428321,"Seven Thinking Steps ğŸ’­ zum EU-Vertragspaket ğŸ‡ªğŸ‡ºğŸ“„ mit Magdalena Martullo-Blocher Im heutigen Podcast geht es um das Thema Rechtssicherheit. Hat die EU bessere Gesetze als wir? Darf uns die EU kÃ¼nftig bestrafen, wenn wir nicht brav alle EU-Gesetze Ã¼bernehmen? KÃ¶nnen wir noch Ã¼ber Volksinitiativen wie Â«Keine 10-Millionen-SchweizÂ» abstimmen? ğŸ‘‰ğŸ» https://youtu.be/eVshzCkwEsA",2025-08-23 06:37:26,1,1,10,388,0,Unterwerfungsvertrag,7537589611774805014,0,True,unterwerfungsvertrag,https://www.tiktok.com/@unterwerfungsvertrag/video/7541658474640428321,0.62
tiktok.com,https://www.tiktok.com/@svpch,7541413387775790369,Seven Thinking Steps ğŸ’­ zum EU-Vertragspaket ğŸ‡ªğŸ‡ºğŸ“„ mit Magdalena Martullo-Blocher Step 1: Im heutigen Podcast geht es um die GrundsÃ¤tze: Ist die Schweizer SouverÃ¤nitÃ¤t in Gefahr? Wer hat kÃ¼nftig das Sagen? Was passiert mit unseren Volksrechten? Wird unsere direkte Demokratie abgeschafft? ğŸ‘‰ğŸ» unterwerfungsvertrag.ch #Schweiz #SouverÃ¤nitÃ¤t #DirekteDemokratie #Volksrechte #PolitikSchweiz #SchweizerPolitik #Freiheit #Demokratie #Selbstbestimmung #Zukunft #Mitbestimmung #Debatte #Diskussion #Podcast #TikTokNews #FÃ¼rDich #FYP #Trending #Unterwerfungsvertrag,2025-08-22 14:15:49,55,198,1085,19200,20,Unterwerfungsvertrag,7537589611774805014,0,True,unterwerfungsvertrag,https://www.tiktok.com/@unterwerfungsvertrag/video/7541413387775790369,-1.0
tiktok.com,https://www.tiktok.com/@svpch,7483567249840704790,"Hindr de Kulisse vo de Asylheim, en Mitarbeiter packt us! @SVP Schweiz ğŸ‡¨ğŸ‡­  #svp #asyl #flÃ¼chtlinge #schweiz #heim",2025-03-19 17:03:04,424,152,3656,44000,578,DeWinterthurer,6848219625370010629,0,True,dewinterthurer,https://www.tiktok.com/@dewinterthurer/video/7483567249840704790,-0.0
tiktok.com,https://www.tiktok.com/@svpch,7519022516006817056,"Nationalrat Thomas Aeschi (ZG): Â«Es kann nicht sein, dass die SRG als staatliche Institution mit ausgewÃ¤hlten MedienhÃ¤usern geheime VertrÃ¤ge abschliesst, in welchen Sie sich gegenseitige UnterstÃ¼tzung zusichern. Die SRG ist mit einer Zwangssteuer durch die Schweizer BevÃ¶lkerung finanziert und nutzt diese Gelder offenbar auch um gegen ein Volksbegehren Stimmung zu machen. Deshalb erst Recht JA zur SRG-Initiative 200 Franken sind genug!Â»",2025-06-23 06:07:50,32,63,697,8592,6,SVP Schweiz ğŸ‡¨ğŸ‡­,6949825166927807494,0,True,svpch,https://www.tiktok.com/@svpch/video/7519022516006817056,0.02
tiktok.com,https://www.tiktok.com/@svpch,7518707334143692064,NationalrÃ¤tin Katja Riem (BE): Â«Die Individualbesteuerung ist alles andere als gerecht. Sie fÃ¼hrt zu mehr BÃ¼rokratie und zur Mehrbelastung von Familien. Deshalb sage ich als junge Frau klar Nein zur Individualbesteuerung!Â»,2025-06-22 09:44:50,12,15,226,3338,2,SVP Schweiz ğŸ‡¨ğŸ‡­,6949825166927807494,0,True,svpch,https://www.tiktok.com/@svpch/video/7518707334143692064,0.01
tiktok.com,https://www.tiktok.com/@svpch,7518051796510625057,"Nationalrat RÃ©my Wyssmann (SO): Â«Der Bundesrat gibt keine Auskunft zu den Zahlungen der Schweiz an die EU in den letzten Jahren. Ich wollte vom Bundesrat eine Ã¼bersichtliche und fÃ¼r alle verstÃ¤ndliche Liste. Offenbar hÃ¤lt man in der Verwaltung nicht viel von Transparenz, sondern versteckt sich lieber hinter Beamtendeutsch.Â»",2025-06-20 15:29:51,36,34,736,8246,17,SVP Schweiz ğŸ‡¨ğŸ‡­,6949825166927807494,0,True,svpch,https://www.tiktok.com/@svpch/video/7518051796510625057,0.44
tiktok.com,https://www.tiktok.com/@svpch,7516470748332969249,Blatten statt Bangladesch â€“ Jetzt Schweizer Opfern helfen statt Milliarden ins Ausland verschenken! | Schauen Sie sich jetzt den Videocast ğŸ“º - DÃ¼tsch. DÃ¼tlich. DETTLING! - an. ğŸ‘‰ğŸ» https://youtu.be/1J7IeS8e3Ic,2025-06-16 09:05:38,139,160,1892,27500,264,SVP Schweiz ğŸ‡¨ğŸ‡­,6949825166927807494,0,True,svpch,https://www.tiktok.com/@svpch/video/7516470748332969249,0.37
tiktok.com,https://www.tiktok.com/@svpch,7516045845892975904,"Nationalrat Gregor Rutz (ZH): Â«Der neue EU-Migrationspakt lÃ¶st die Asyl-Probleme nicht, sondern betreibt nur ""PflÃ¤sterlipolitik"". Die Schweiz muss das Asylchaos selber stoppen. Deshalb noch heute die Grenzschutz-Initiative unterschreiben!Â» #Grenzschutzinitiative #Asylmissbrauchstoppen #svp #politik #schweiz #asyl #schweiz #fyp #fy",2025-06-15 06:00:06,71,78,1288,11600,85,SVP Schweiz ğŸ‡¨ğŸ‡­,6949825166927807494,0,True,svpch,https://www.tiktok.com/@svpch/video/7516045845892975904,0.01
tiktok.com,https://www.tiktok.com/@svpch,7515835514574900513,"Wir wollen frei und unabhÃ¤ngig bleiben, wie es die alten EidgenossenğŸ‡¨ğŸ‡­ bereits im Bundesbrief geschrieben haben. Darum sagen wir entschieden NEIN zum EU-Unterwerfungsvertrag!",2025-06-14 16:02:18,785,703,10700,133600,505,SVP Schweiz ğŸ‡¨ğŸ‡­,6949825166927807494,0,True,svpch,https://www.tiktok.com/@svpch/video/7515835514574900513,0.0
tiktok.com,https://www.tiktok.com/@svpch,7515367662537428256,"Nationalrat Bruno Walliser (ZH): Â«Mitte-Links will der Armee nicht die benÃ¶tigten Gelder zur VerfÃ¼gung stellen. FÃ¼r das neue Artilleriesystem nur Ãœbungsmunition zu besorgen ist Humbug! Wir mÃ¼ssen unsere Soldaten endlich so ausrÃ¼sten, dass sie ihren Auftrag erfÃ¼llen kÃ¶nnen!Â» #svp #politik #schweiz #asyl #schweiz #fyp #fy",2025-06-13 09:45:09,47,43,1280,13400,27,SVP Schweiz ğŸ‡¨ğŸ‡­,6949825166927807494,0,True,svpch,https://www.tiktok.com/@svpch/video/7515367662537428256,0.01
tiktok.com,https://www.tiktok.com/@svpch,7515300417090211104,"Nationalrat Gregor Rutz (ZH) redet in der Arena Klartext zur SRG-Halbierungsinitiative: Â«Es ist nicht der Auftrag der SRG, auf Youtube und all diesen KanÃ¤len prÃ¤sent zu sein. Bei der SRG arbeiten etwa 50 Leute Vollzeit fÃ¼r Social Media. Da frage ich mich schon: Welches Unternehmen in der Schweiz hat 50 Leute fÃ¼r Social Media?Â»",2025-06-13 05:24:16,122,204,2365,44800,85,SVP Schweiz ğŸ‡¨ğŸ‡­,6949825166927807494,0,True,svpch,https://www.tiktok.com/@svpch/video/7515300417090211104,-0.0
tiktok.com,https://www.tiktok.com/@svpch,7515125028740926752,"JA zur SchweizğŸ‡¨ğŸ‡­, NEIN zum EU-Unterwerfungsvertrag. Wir kÃ¤mpfen fÃ¼r unsere Freiheit und UnabhÃ¤ngigkeit!",2025-06-12 18:03:33,370,153,5222,53600,658,SVP Schweiz ğŸ‡¨ğŸ‡­,6949825166927807494,0,True,svpch,https://www.tiktok.com/@svpch/video/7515125028740926752,-0.88
tiktok.com,https://www.tiktok.com/@svpch,7514976178952834337,"Nationalrat Gregor Rutz (ZH) bringt es auf den Punkt: Â«Wer meint, dass alles stimmt, was Ã¼ber Staatsgelder und ZwangsgebÃ¼hren finanziert wird und der Rest sei Unsinn, hat die Welt nicht verstanden.Â»",2025-06-12 08:32:29,27,46,755,15400,10,SVP Schweiz ğŸ‡¨ğŸ‡­,6949825166927807494,0,True,svpch,https://www.tiktok.com/@svpch/video/7514976178952834337,-0.54
tiktok.com,https://www.tiktok.com/@svpch,7514740773624007968,"Nationalrat RÃ©my Wyssmann (SO): Â«Der Bundesrat bekommt ein Ruhegehalt in der HÃ¶he von 230'000 Franken pro Jahr - egal, ob er im Pensionsalter ist oder nicht. Das ist eine Sauerei gegenÃ¼ber der arbeitenden BevÃ¶lkerung!Â»",2025-06-11 17:18:52,70,114,1074,18600,129,SVP Schweiz ğŸ‡¨ğŸ‡­,6949825166927807494,0,True,svpch,https://www.tiktok.com/@svpch/video/7514740773624007968,0.0
tiktok.com,https://www.tiktok.com/@svpch,7514616644136750369,Nationalrat Lars Guggisberg (BE): Â«Der Nationalrat hat 666 Millionen fÃ¼r EU-Forschungsprogramme gesprochen. Bei diesem Erpressungsversuch der EU machen wir nicht mit!Â» #eu #fyp #politik #schweiz #bern #erpressung,2025-06-11 09:10:52,23,42,584,6354,25,SVP Schweiz ğŸ‡¨ğŸ‡­,6949825166927807494,0,True,svpch,https://www.tiktok.com/@svpch/video/7514616644136750369,-0.0
tiktok.com,https://www.tiktok.com/@svpch,7514550736437398816,Nationalrat Christian Imark (SO): Â«Unsere Energieversorgung ist aufgrund der verfehlten links-grÃ¼nen Ideologie vÃ¶llig wetterabhÃ¤ngig. FÃ¼r ein stabiles Stromnetz brauchen wir die Kernenergie!Â» #atom #kraftwerk #fyp #svp #politik #bern #strom #energie,2025-06-11 04:55:05,12,16,356,3535,5,SVP Schweiz ğŸ‡¨ğŸ‡­,6949825166927807494,0,True,svpch,https://www.tiktok.com/@svpch/video/7514550736437398816,0.06
tiktok.com,https://www.tiktok.com/@svpch,7514244047280557345,Nationalrat Mauro Tuena (ZH): Â«Wir mÃ¼ssen endlich unsere Soldaten richtig ausrÃ¼sten und zusÃ¤tzliche Munitionsreserven aufbauen.Â» #Armee #fyp #Schweiz #rÃ¼stung #militÃ¤r #bern #politik,2025-06-10 09:10:49,18,23,387,5180,11,SVP Schweiz ğŸ‡¨ğŸ‡­,6949825166927807494,0,True,svpch,https://www.tiktok.com/@svpch/video/7514244047280557345,0.0
tiktok.com,https://www.tiktok.com/@svpch,7514224843445816608,"Seit dem Jahr 2000 kamen 1,5 Millionen Zuwanderer in die Schweiz. Die Probleme sind bekannt: Wohnungsnot, SpitÃ¤ler am Limit, Zubetonierung der Natur. Das kann so nicht weitergehen, die masslose Zuwanderung muss endlich begrenzt werden! #svp #politik #schweiz #asyl #schweiz #fyp #fy",2025-06-10 08:00:17,167,132,2077,37000,104,SVP Schweiz ğŸ‡¨ğŸ‡­,6949825166927807494,0,True,svpch,https://www.tiktok.com/@svpch/video/7514224843445816608,-0.39
tiktok.com,https://www.tiktok.com/@svpch,7514187414328315159,"Nationalrat Gregor Rutz (ZH): Â«Der Eigenmietwert ist eine fiktive Steuer, die es vielen Familien unmÃ¶glich macht, ein Eigenheim zu erwerben. Diese ungerechte Steuer muss jetzt abgeschafft werden.Â»  #Eigenmietwert #fyp #steuern #familie #wohnung #haus #schweiz #bern #svp",2025-06-10 05:25:02,338,294,3997,66400,456,SVP Schweiz ğŸ‡¨ğŸ‡­,6949825166927807494,0,,svpch,https://www.tiktok.com/@svpch/video/7514187414328315159,-1.0
tiktok.com,https://www.tiktok.com/@svpch,7513872399754988833,"Nationalrat Lars Guggisberg (BE): Â«Die SVP lehnt die Staatsrechnung ab. Das Parlament will Geld ausgeben, welches wir nicht haben. Steuern zu erhÃ¶hen, nur um die Bundesausgaben weiter wachsen zu lassen, ist nicht die LÃ¶sung!Â» #finanzen #svp #politik #fyp #bern #budget #geld #bund",2025-06-09 09:11:14,12,15,327,3887,3,SVP Schweiz ğŸ‡¨ğŸ‡­,6949825166927807494,0,True,svpch,https://www.tiktok.com/@svpch/video/7513872399754988833,0.37
tiktok.com,https://www.tiktok.com/@svpch,7513795086669319457,Nationalrat Franz GrÃ¼ter (LU): Â«Die NeutralitÃ¤tsinitiative ist wichtiger denn je. Sie schÃ¼tzte uns 200 Jahre vor kriegerischen Konflikten und soll auch kÃ¼nftig unsere jungen Frauen und MÃ¤nner vor dem Tod bewahren.Â» #neutralitÃ¤t #nato #fyp #schweiz #bern #politik #svp #krieg,2025-06-09 04:56:03,28,40,500,4678,19,SVP Schweiz ğŸ‡¨ğŸ‡­,6949825166927807494,0,True,svpch,https://www.tiktok.com/@svpch/video/7513795086669319457,-0.23
tiktok.com,https://www.tiktok.com/@svpch,7513627278601997600,Nationalrat Thomas Matter (ZH): Â«Viele nutzen gar keine SRG-Angebote und mÃ¼ssen trotzdem 335 Franken ZwangsgebÃ¼hren bezahlen. 200 Franken sind mehr als genug!Â» #srginitiative #schweiz #fyp #abgeben #zwang #abstimmung #politik #bern,2025-06-08 17:18:50,48,190,1107,19200,44,SVP Schweiz ğŸ‡¨ğŸ‡­,6949825166927807494,0,True,svpch,https://www.tiktok.com/@svpch/video/7513627278601997600,-0.57
tiktok.com,https://www.tiktok.com/@svpch,7513073022975216928,Blatten statt Bangladesch â€“ Jetzt Schweizer Opfern helfen statt Milliarden ins Ausland verschenken! | Schauen Sie sich jetzt den Videocast ğŸ“º - DÃ¼tsch. DÃ¼tlich. DETTLING! - an. ğŸ‘‰ğŸ» https://svp.ch/ddd,2025-06-07 05:43:22,44,53,788,20600,57,SVP Schweiz ğŸ‡¨ğŸ‡­,6949825166927807494,0,True,svpch,https://www.tiktok.com/@svpch/video/7513073022975216928,0.37
tiktok.com,https://www.tiktok.com/@svpch,7512838308741795104,Nationalrat Pascal Schmid (TG): Â«Die Schutzklausel von Bundesrat Beat Jans ist pure Augenwischerei. Wir haben seit 23 Jahren eine Schutzklausel im PersonenfreizÃ¼gigkeitsabkommen - sie wurde nie angewendet! Deshalb braucht es die Nachhaltigkeitsinitiative Â«Keine 10-Millionen-SchweizÂ» mehr denn je!Â» #Schutzklausel #Nachhaltigkeitsinitiative #zuwanderung #einwanderung #europa #fyp #schweiz #eu #grenzen,2025-06-06 14:15:49,24,35,514,5426,16,SVP Schweiz ğŸ‡¨ğŸ‡­,6949825166927807494,0,True,svpch,https://www.tiktok.com/@svpch/video/7512838308741795104,0.0
tiktok.com,https://www.tiktok.com/@svpch,7512335781566991648,Mit dem EU-Vertrag mÃ¼ssen wir in zentralen Bereichen wie der Zuwanderung zwingend EU-Recht Ã¼bernehmen. Dieser Vertrag ist kein echtes Geben und Nehmen. Deshalb NEIN zu diesem Unterwerfungsvertrag! #svp #politik #schweiz #asyl #schweiz #fyp #fy,2025-06-05 06:00:08,112,119,1829,20200,55,SVP Schweiz ğŸ‡¨ğŸ‡­,6949825166927807494,0,True,svpch,https://www.tiktok.com/@svpch/video/7512335781566991648,-0.0
tiktok.com,https://www.tiktok.com/@svpch,7511656643613003041,Unsere BÃ¼rgerinnen und BÃ¼rger mÃ¼ssen geschÃ¼tzt werden. Wir dÃ¼rfen daher nicht noch zusÃ¤tzlich Ã¼berproportional kriminelle Menschen in unser Land holen. Das ist verantwortungslos gegenÃ¼ber der eigenen BevÃ¶lkerung. https://grenzschutzinitiative.ch/,2025-06-03 09:56:38,16,19,304,4340,9,SVP Schweiz ğŸ‡¨ğŸ‡­,6949825166927807494,0,True,svpch,https://www.tiktok.com/@svpch/video/7511656643613003041,-0.47
tiktok.com,https://www.tiktok.com/@svpch,7509367169638010145,"Mit dem EU-Unterwerfungsvertrag schaffen wir faktisch unser Stimmrecht ab. Wenn das Schweizer Stimmvolk Â«falschÂ» abstimmt, kann die EU uns mit Sanktionen bestrafen. Wir wehren uns gegen diese massive EinschrÃ¤nkung unserer freien Demokratie. #svp #politik #schweiz #asyl #schweiz #fyp #fy",2025-05-28 06:00:08,78,122,1128,14700,36,SVP Schweiz ğŸ‡¨ğŸ‡­,6949825166927807494,0,True,svpch,https://www.tiktok.com/@svpch/video/7509367169638010145,-0.67
tiktok.com,https://www.tiktok.com/@svpch,7507591774349593889,"Gewalt, SexualkriminalitÃ¤t, Sozialhilfemissbrauch, Extremismus, Parallelgesellschaften und die Ablehnung des Rechtsstaats gehÃ¶ren nicht zu einer intelligenten Migrationspolitik. Unterschreiben Sie deshalb noch heute die Grenzschutz-Initiative. #Grenzschutzinitiative #Asylmissbrauchstoppen #svp #politik #schweiz #asyl #schweiz #fyp #fy",2025-05-23 11:00:16,61,45,832,13300,43,SVP Schweiz ğŸ‡¨ğŸ‡­,6949825166927807494,0,True,svpch,https://www.tiktok.com/@svpch/video/7507591774349593889,-1.0
tiktok.com,https://www.tiktok.com/@svpch,7507226444708220193,Der EU-Unterwerfungsvertrag ist nicht zu verharmlosen! Die Schweiz unterstellt sich dem EU-Gerichtshof und uns wird das Stimmrecht entzogen. Das darf nicht sein und deshalb kÃ¤mpft die SVP gegen diesen Vertrag. Damit die Schweiz weiterhin frei und unabhÃ¤ngig bleibt! #svp #politik #schweiz #asyl #schweiz #fyp #fy,2025-05-22 11:13:04,432,532,4961,85300,312,SVP Schweiz ğŸ‡¨ğŸ‡­,6949825166927807494,0,True,svpch,https://www.tiktok.com/@svpch/video/7507226444708220193,-0.81
tiktok.com,https://www.tiktok.com/@svpch,7506437093531340065,"Der Bundesrat hat bei EinfÃ¼hrung der PersonenfreizÃ¼gigkeit mit der EU versprochen, dass 8'000 Personen netto pro Jahr einwandern. Es sind seither jedes Jahr massiv mehr - im letzten Jahr waren es fast 100'000! Nur die Volksinitiative ""Keine 10-Millionen-Schweiz (Nachhaltigkeits-Initiative)"" begrenzt diese masslose Zuwanderung! #svp #politik #schweiz #asyl #schweiz #fyp #fy",2025-05-20 08:25:05,275,330,3298,45900,260,SVP Schweiz ğŸ‡¨ğŸ‡­,6949825166927807494,0,True,svpch,https://www.tiktok.com/@svpch/video/7506437093531340065,-0.01
tiktok.com,https://www.tiktok.com/@svpch,7503976145184935201,Die RealitÃ¤t zeigt: Schengen-Dublin funktioniert nicht! Jetzt hat sogar Deutschland noch strengere Grenzkontrollen und ZurÃ¼ckweisungen an den Grenzen beschlossen. Damit dÃ¼rften Tausende in Deutschland abgewiesene Asylmigranten in der Schweiz stranden. Und was tut Asylminister Beat Jans? Nichts! Deshalb JETZT die Grenzschutz-Initiative unterschreiben! âœğŸ¼ https://grenzschutzinitiative.ch/,2025-05-13 17:00:16,60,92,1034,13300,47,SVP Schweiz ğŸ‡¨ğŸ‡­,6949825166927807494,0,True,svpch,https://www.tiktok.com/@svpch/video/7503976145184935201,-0.36
tiktok.com,https://www.tiktok.com/@svpch,7502447949880888608,"EU-Unterwerfungsvertrag: Bundesrat will nicht, dass das Volk das letzte Wort hat! | Schauen Sie sich jetzt den Videocast ğŸ“º - DÃ¼tsch. DÃ¼tlich. DETTLING! - an. ğŸ‘‰ğŸ» svp.ch/ddd",2025-05-09 14:15:49,24,21,452,7965,13,SVP Schweiz ğŸ‡¨ğŸ‡­,6949825166927807494,0,True,svpch,https://www.tiktok.com/@svpch/video/7502447949880888608,0.0
tiktok.com,https://www.tiktok.com/@svpch,7500082334440394017,"EU-Unterwerfungsvertrag: Bundesrat will nicht, dass das Volk das letzte Wort hat! | Schauen Sie sich jetzt den Videocast ğŸ“º - DÃ¼tsch. DÃ¼tlich. DETTLING! - an. ğŸ‘‰ğŸ» svp.ch/ddd #ddd #deutschland #europa #vertrag #fyp #bern #dettling #schweiz #abst #skandal #unterwerfungsvertrag #unterwerfung",2025-05-03 05:11:39,221,400,2959,34900,320,SVP Schweiz ğŸ‡¨ğŸ‡­,6949825166927807494,0,True,svpch,https://www.tiktok.com/@svpch/video/7500082334440394017,-0.33
tiktok.com,https://www.tiktok.com/@svpch,7499740183223405856,"SRF-Journalistin entlarvt die Trickserei der EU-Turbos in Bundesbern. Laut Bundesgericht steht die PersonenfreizÃ¼gigkeit Ã¼ber der ğŸ‡¨ğŸ‡­Schweizer Verfassung. Es ist davon auszugehen, dass dies auch fÃ¼r den EU-Unterwerfungsvertrag gilt. Damit braucht dieser Vertrag nicht nur das Volksmehr, sondern auch das StÃ¤ndemehr! #svp #politik #schweiz #schweiz #fyp #fy",2025-05-02 07:42:12,187,199,1979,37500,144,SVP Schweiz ğŸ‡¨ğŸ‡­,6949825166927807494,0,True,svpch,https://www.tiktok.com/@svpch/video/7499740183223405856,-0.0
tiktok.com,https://www.tiktok.com/@svpch,7492844286212345121,,2025-04-13 17:03:49,99,44,1533,21000,132,SVP Schweiz ğŸ‡¨ğŸ‡­,6949825166927807494,0,True,svpch,https://www.tiktok.com/@svpch/video/7492844286212345121,0.0
tiktok.com,https://www.tiktok.com/@svpch,7492350069887290656,"Nationalrat Alfred Heer bringt es auf den Punkt: Â«Die Schweiz muss neutral bleiben, gute Beziehungen zu allen LÃ¤ndern haben und sicher nicht in dieses Â«VerliererclÃ¼bliÂ» der EU einsteigen.Â»",2025-04-12 09:10:52,218,353,3495,39900,399,SVP Schweiz ğŸ‡¨ğŸ‡­,6949825166927807494,0,True,svpch,https://www.tiktok.com/@svpch/video/7492350069887290656,0.18
tiktok.com,https://www.tiktok.com/@svpch,7492059050306309409,,2025-04-11 14:15:50,8813,2635,79400,1200000,11900,SVP Schweiz ğŸ‡¨ğŸ‡­,6949825166927807494,0,True,svpch,https://www.tiktok.com/@svpch/video/7492059050306309409,0.0
tiktok.com,https://www.tiktok.com/@svpch,7491688035378023713,"Ein SVP-Vorstoss im Bereich AsylverschÃ¤rfungen war im Parlament erfolgreich. Wir haben endlich erreicht, dass kriminelle Asylanten kein Recht mehr auf ein Asylverfahren haben, dass sie kein Asylgesuch mehr stellen dÃ¼rfen. Bis jetzt war das erlaubt! Nur dank der SVP kann dieser Irrsinn nun gestoppt werden. ğŸ‡¨ğŸ‡­ UnterstÃ¼tzten Sie jetzt die SVP und werden Sie Mitglied ğŸ‘‰ğŸ» svp.ch/mitglied #asyl #politik #migration #fyp #schweiz #bundeshaus #dettling #irrsinn #bern #svp",2025-04-10 14:16:03,112,117,1474,18300,153,SVP Schweiz ğŸ‡¨ğŸ‡­,6949825166927807494,0,True,svpch,https://www.tiktok.com/@svpch/video/7491688035378023713,-0.24
tiktok.com,https://www.tiktok.com/@svpch,7491327787505110305,"FraktionsprÃ¤sident Thomas Aeschi ordnet die US-ZÃ¶lle in der Arena ein. Staaten haben keine Freunde, sondern Interessen. Deshalb muss auch die Schweiz fÃ¼r ihre Interessen einstehen und sich jetzt sicher nicht an die Krisen-EU anbinden. #USA #politik #schweiz #eu #zoll #trump #potus",2025-04-09 15:00:10,51,47,927,27800,16,SVP Schweiz ğŸ‡¨ğŸ‡­,6949825166927807494,0,True,svpch,https://www.tiktok.com/@svpch/video/7491327787505110305,-0.19
tiktok.com,https://www.tiktok.com/@svpch,7488719280003960096,"Nationalrat Alfred Heer spricht Klartext: Â«Die Schweiz war schon immer ein neutraler Vermittler, wenn sie gefragt wurde. Das wÃ¤ren wir aber nicht mehr, wenn wir in diesem Â«EU-ChÃ¶rliÂ» mitsingen und dort mitmachen - in einem MilitÃ¤rbÃ¼ndnis und einem Verein, bei dem wir nicht einmal Mitglied sind. Das wÃ¤re ein gravierender Fehler.Â»",2025-04-02 14:15:51,243,310,3928,50400,187,SVP Schweiz ğŸ‡¨ğŸ‡­,6949825166927807494,0,True,svpch,https://www.tiktok.com/@svpch/video/7488719280003960096,-0.67
tiktok.com,https://www.tiktok.com/@svpch,7486879334876056864,"Nationalrat Alfred Heer bring es auf den Punkt: Â«Die Schweiz muss fÃ¼r sich selbst schauen. Wir mÃ¼ssen neutral bleiben, wir sind auch nicht Mitglied der EuropÃ¤ischen Union und wir sollten auch nicht in die NATO. Der beste Schutz ist, glaube ich, die NeutralitÃ¤t.Â»",2025-03-28 15:15:51,31,60,634,9393,26,SVP Schweiz ğŸ‡¨ğŸ‡­,6949825166927807494,0,True,svpch,https://www.tiktok.com/@svpch/video/7486879334876056864,0.38
tiktok.com,https://www.tiktok.com/@svpch,7486508232056376608,Ramadan statt Aschermittwoch - Bundesrat Jans hofiert MuslimverbÃ¤nde | Schauen Sie sich jetzt den Videocast ğŸ“º - DÃ¼tsch. DÃ¼tlich. DETTLING! - an. ğŸ‘‰ğŸ» svp.ch/ddd #politik #asyl #migration #bern #fyp #foryou #islam #ramadan #christentum #xmas #weihnachten #kultur #schweiz #dettling,2025-03-27 15:15:51,108,195,1257,17200,175,SVP Schweiz ğŸ‡¨ğŸ‡­,6949825166927807494,0,True,svpch,https://www.tiktok.com/@svpch/video/7486508232056376608,0.0
tiktok.com,https://www.tiktok.com/@svpch,7486135119653260577,Nationalrat Alfred Heer spricht Klartext: Â«Als neutrales und unabhÃ¤ngiges Land mÃ¼ssen wir uns selbst verteidigen kÃ¶nnen. Deshalb mÃ¼ssen wir in unsere Armee investieren. Die SVP hat sich stets fÃ¼r eine starke Schweizer Armee eingesetzt.Â»,2025-03-26 15:15:51,55,94,942,14800,33,SVP Schweiz ğŸ‡¨ğŸ‡­,6949825166927807494,0,True,svpch,https://www.tiktok.com/@svpch/video/7486135119653260577,0.02
tiktok.com,https://www.tiktok.com/@svpch,7485764741869096224,Nationalrat Gregor Rutz (ZH): Â«Die Schutzklausel ist komplett nutzlos! Damit kÃ¶nnen wir die Zuwanderung nie und nimmer eigenstÃ¤ndig steuern. Im Gegenteil: Der EU-Unterwerfungsvertrages wird noch mehr Zuwanderung in die Schweiz bringen!Â»,2025-03-25 15:15:50,25,93,532,6963,31,SVP Schweiz ğŸ‡¨ğŸ‡­,6949825166927807494,0,True,svpch,https://www.tiktok.com/@svpch/video/7485764741869096224,-0.48
tiktok.com,https://www.tiktok.com/@svpch,7485284441716215072,Nationalrat Pascal Schmid (TG): Â«Was tut SP-Asylvorsteher Beat Jans gegen das Asyl-Chaos? Nichts! Deshalb jetzt die Grenzschutz-Initiative unterschreiben!Â» ğŸ‘‰ğŸ» https://grenzschutz-initiative.ch,2025-03-24 08:08:49,37,61,634,7396,39,SVP Schweiz ğŸ‡¨ğŸ‡­,6949825166927807494,0,True,svpch,https://www.tiktok.com/@svpch/video/7485284441716215072,0.0
tiktok.com,https://www.tiktok.com/@svpch,7485052983688891681,Nationalrat RÃ©my Wyssmann (SO): Â«Die neuen Vorschriften der Weltgesundheitsorganisation (WHO) kommen die Schweiz teuer zu stehen. Auch soll die persÃ¶nliche Freiheit weiter eingeschrÃ¤nkt werden. Mitte-links will dies durchwinken. Nur die SVP setzt sich fÃ¼r Freiheit und Eigenverantwortung ein!Â»,2025-03-23 17:18:04,79,264,1154,12800,111,SVP Schweiz ğŸ‡¨ğŸ‡­,6949825166927807494,0,True,svpch,https://www.tiktok.com/@svpch/video/7485052983688891681,-0.6
tiktok.com,https://www.tiktok.com/@svpch,7484556360445742368,Ramadan statt Aschermittwoch - Bundesrat Jans hofiert MuslimverbÃ¤nde | Schauen Sie sich jetzt den Videocast ğŸ“º - DÃ¼tsch. DÃ¼tlich. DETTLING! - an. ğŸ‘‰ğŸ» svp.ch/ddd #politik #asyl #migration #bern #fyp #foryou #islam #ramadan #christentum #xmas #weihnachten #kultur #schweiz #dettling,2025-03-22 09:03:06,133,283,1820,24800,207,SVP Schweiz ğŸ‡¨ğŸ‡­,6949825166927807494,0,True,svpch,https://www.tiktok.com/@svpch/video/7484556360445742368,0.0
tiktok.com,https://www.tiktok.com/@svpch,7484279751733988641,"Nationalrat Michael Graber (VS): Â«Die BefÃ¼rworter des EU-Unterwerfungsvertrages nennen diesen ""Bilaterale III"". Das ist vÃ¶llig falsch! Damit will man dem Volk vorgaukeln, dass es um einen Vertrag zwischen gleichberechtigten Partnern geht. Das Gegenteil ist wahr. Wir mÃ¼ssen EU-Recht Ã¼bernehmen, das nicht nur beim Handel mit der EU gelten soll, sondern auch in der Schweiz und gegenÃ¼ber Drittstaaten. Im Klartext: Mit diesem Vertrag unterwerfen wir uns der EUÂ»",2025-03-21 15:15:49,13,44,339,4492,8,SVP Schweiz ğŸ‡¨ğŸ‡­,6949825166927807494,0,True,svpch,https://www.tiktok.com/@svpch/video/7484279751733988641,-0.87
tiktok.com,https://www.tiktok.com/@svpch,7484138671042481440,"Nationalrat Pascal Schmid (TG): Â«SP-Asylvorsteher Beat Jans tut nichts, um das Asyl-Chaos zu stoppen. Mehr als 20 AuftrÃ¤ge aus dem Parlament setzt er mit seiner Verwaltung nicht um! Damit ist Bundesrat Jans dafÃ¼r mitverantwortlich, dass die importierte KriminalitÃ¤t explodiert und die Terrorbedrohung steigt. Deshalb muss das Volk handeln: Unterschreiben Sie JETZT die Grenzschutzinitiative!Â» ğŸ‘‰ğŸ» https://grenzschutz-initiative.ch",2025-03-21 06:06:50,46,83,774,7579,41,SVP Schweiz ğŸ‡¨ğŸ‡­,6949825166927807494,0,True,svpch,https://www.tiktok.com/@svpch/video/7484138671042481440,-0.0
tiktok.com,https://www.tiktok.com/@svpch,7483910617363991840,"NationalrÃ¤tin Stefanie Heimgartner (AG): Â«Da sich Mitte-links lieber mit Gender-Gaga als mit dem Aufbau der WehrfÃ¤higkeit der Armee befasst, haben die Rekrutenschulen nicht genÃ¼gend Material fÃ¼r ihre Ausbildung. Wenn wir die ArmeeangehÃ¶rigen nicht korrekt ausbilden kÃ¶nnen, sind wir nicht mehr verteidigungsfÃ¤hig! Der neue VBS-Vorsteher Martin Pfister hat nun den Auftrag unsere Armee wieder einsatzfÃ¤hig zu machen!Â»",2025-03-20 15:15:50,5,16,207,3390,2,SVP Schweiz ğŸ‡¨ğŸ‡­,6949825166927807494,0,True,svpch,https://www.tiktok.com/@svpch/video/7483910617363991840,0.07
tiktok.com,https://www.tiktok.com/@svpch,7483881892538846497,"Nationalrat David ZuberbÃ¼hler (AR): Â«Letzten Herbst nahm der Nationalrat meine Motion an, die die Gelder fÃ¼r das PalÃ¤stinenserhilfswerk UNRWA streichen wollte. Die Mitte-links-Mehrheit im StÃ¤nderat hat die Motion dagegen versenkt. Damit fliessen weiterhin Schweizer Steuergelder in antisemitische und gewaltverherrlichende SchulbÃ¼cher in den UNRWA-Schulen.Â»",2025-03-20 13:24:22,13,46,460,5894,12,SVP Schweiz ğŸ‡¨ğŸ‡­,6949825166927807494,0,True,svpch,https://www.tiktok.com/@svpch/video/7483881892538846497,-0.0
tiktok.com,https://www.tiktok.com/@svpch,7482425411624766753,"NationalrÃ¤tin Barbara Steinemann (ZH): Â«Es kommt immer wieder vor, dass abgewiesene Asylmigranten, die eigentlich die Schweiz verlassen mÃ¼ssten, so lange neue AsylantrÃ¤ge stellen bis sie einen positiven Bescheid erhalten. In den letzten zehn Jahren erhielten 58'000 Personen den FlÃ¼chtlingsstatus - 11% oder 6380 von ihnen nachdem sie mehrmals ein Gesuch gestellt hatten. So wird unser Asylsystem missbraucht, deshalb braucht es jetzt die Grenzschutzinitiative!Â»",2025-03-16 15:15:55,21,23,545,7312,14,SVP Schweiz ğŸ‡¨ğŸ‡­,6949825166927807494,0,True,svpch,https://www.tiktok.com/@svpch/video/7482425411624766753,0.01
tiktok.com,https://www.tiktok.com/@svpch,7482054332507114785,"Alt Bundesrat Christoph Blocher: Â«Dieser Vertrag, der hier vorliegt, ist ein typischer Kolonialvertrag. Wenn wir dem zustimmen, dann verlieren wir eine der StÃ¤rken unseres Landes: NÃ¤mlich die, dass die BÃ¼rgerinnen und BÃ¼rger auch Ã¼ber die Gesetzgebung bestimmen.Â» Nein zum EU-Unterwerfungsvertrag â€“ Ja zu einer freien und erfolgreichen Schweiz! #unterwerfungsvertrag",2025-03-15 15:19:07,143,164,1736,16100,150,SVP Schweiz ğŸ‡¨ğŸ‡­,6949825166927807494,0,True,svpch,https://www.tiktok.com/@svpch/video/7482054332507114785,-0.16
tiktok.com,https://www.tiktok.com/@svpch,7481976223250304289,"Unsere AHV-Gelder â€“ Ã¼ber 40 Mia. Franken â€“ sind in einer Bank in den USA deponiert. FÃ¼r sichere Renten muss das VermÃ¶gen der AHV-Versicherten zurÃ¼ck in die Schweiz! Aber CÃ©dric Wermuth und seine Â«Fuck you, Mr. TrumpÂ»-SP haben das im Nationalrat verhindert!",2025-03-15 10:11:17,26,43,521,5962,23,SVP Schweiz ğŸ‡¨ğŸ‡­,6949825166927807494,0,True,svpch,https://www.tiktok.com/@svpch/video/7481976223250304289,0.0
tiktok.com,https://www.tiktok.com/@svpch,7481681584056274209,"Nationalrat Franz GrÃ¼ter (LU): Â«Was der abtretende Armeechef fordert ist unglaublich. Es kann nicht sein, dass Schweizer Soldaten auf fremden Boden sterben mÃ¼ssen. Es ist nicht die Rolle der Schweiz, sich in fremde Konflikte einzumischen. Sie muss als neutrale Vermittlerin ihre guten Dienste anbieten kÃ¶nnen, damit der Krieg beendet wird.Â»",2025-03-14 15:18:42,15,44,372,4525,16,SVP Schweiz ğŸ‡¨ğŸ‡­,6949825166927807494,0,True,svpch,https://www.tiktok.com/@svpch/video/7481681584056274209,-1.0
tiktok.com,https://www.tiktok.com/@svpch,7481605276638989600,"Nationalrat Michael Graber (VS): Â«Mit dem EU-Unterwerfungsvertrag wird die Schweiz fremden Richtern unterworfen. Im Streitfall mit der EU entscheidet ein Schiedsgericht, das sich an die Rechtsprechung des EU-Gerichtshofes halten muss. Damit haben wir in unserem eigenen Land nichts mehr zu sagen. Das wÃ¤re das Ende unserer SouverÃ¤nitÃ¤t und unserer direkten Demokratie.Â»",2025-03-14 10:12:10,30,79,530,5331,18,SVP Schweiz ğŸ‡¨ğŸ‡­,6949825166927807494,0,True,svpch,https://www.tiktok.com/@svpch/video/7481605276638989600,-1.0
tiktok.com,https://www.tiktok.com/@svpch,7481233272962354465,Nationalrat Walter Gartmann (SG): Â«Die Mitte-links-Mehrheit will sich weiter der NATO und der EU anbiedern. Damit gefÃ¤hrden die anderen Parteien die NeutralitÃ¤t und die GlaubwÃ¼rdigkeit der Schweiz als Vermittlerin fÃ¼r den Frieden.Â»,2025-03-13 10:11:28,12,49,398,3822,17,SVP Schweiz ğŸ‡¨ğŸ‡­,6949825166927807494,0,True,svpch,https://www.tiktok.com/@svpch/video/7481233272962354465,-0.49
tiktok.com,https://www.tiktok.com/@svpch,7480940661638843680,"Nationalrat Pascal Schmid (TG): Â«Erfolg fÃ¼r die SVP - wir konnten zwei Asyl-VorstÃ¶sse durch den Nationalrat bringen. Die Mehrheit stimmte uns zu und sagte NEIN zu kriminellen Asyl-Migranten und JA zur Sicherheit fÃ¼r unsere BevÃ¶lkerung! Leider lehnte die Mitte-links-Mehrheit unseren Vorstoss ab, Asylanten, die Ã¼ber ein sicheres Drittland einreisen, an der Grenze zurÃ¼ckzuweisen. Deshalb braucht es weiterhin die Grenzschutzinitiative!Â»",2025-03-12 15:18:39,13,30,349,3774,9,SVP Schweiz ğŸ‡¨ğŸ‡­,6949825166927807494,0,True,svpch,https://www.tiktok.com/@svpch/video/7480940661638843680,0.13
tiktok.com,https://www.tiktok.com/@svpch,7480443304027475232,"NationalrÃ¤tin Magdalena Martullo-Blocher (GR): Â«Im Gegensatz zu allen anderen Parteien will die SVP, dass Volk und StÃ¤nde Ã¼ber den EU-Unterwerfungsvertrag abstimmen kÃ¶nnen. Der EU-Unterwerfungsvertrag fÃ¼hrt zu fremden Richtern und zur automatischen Ãœbernahme von EU -Recht. Unsere Verfassung sieht vor, dass es fÃ¼r derart massive Eingriffe die Zustimmung von Volk und StÃ¤nden braucht.Â»",2025-03-11 07:07:49,44,143,1101,9475,61,SVP Schweiz ğŸ‡¨ğŸ‡­,6949825166927807494,0,True,svpch,https://www.tiktok.com/@svpch/video/7480443304027475232,-0.47
tiktok.com,https://www.tiktok.com/@svpch,7480120009881029921,NationalrÃ¤tin Vroni Thalmann (LU): Â«Die Enteignungsinitiative der JUSO ist ein Bumerang. Dadurch werden Unternehmer und Wohlhabende ins Ausland vertrieben und ArbeitsplÃ¤tze werden zerstÃ¶rt. Die SteuerausfÃ¤lle mÃ¼ssen die BÃ¼ezer bezahlen. Deshalb NEIN zur JUSO-Enteignungsinitiative!Â»,2025-03-10 10:11:34,12,37,322,4170,3,SVP Schweiz ğŸ‡¨ğŸ‡­,6949825166927807494,0,True,svpch,https://www.tiktok.com/@svpch/video/7480120009881029921,-1.0
tiktok.com,https://www.tiktok.com/@svpch,7480056152512941344,"Nationalrat Franz GrÃ¼ter (LU): Â«Die unsichere Weltlage zeigt, dass die Schweiz unbedingt wieder zu ihrer bewaffneten immerwÃ¤hrenden NeutralitÃ¤t zurÃ¼ckkehren muss, damit sie ihre Vermittlerrolle als Friedensbotschafterin wieder wahrnehmen kann.Â»",2025-03-10 06:06:51,23,64,399,4596,4,SVP Schweiz ğŸ‡¨ğŸ‡­,6949825166927807494,0,True,svpch,https://www.tiktok.com/@svpch/video/7480056152512941344,-0.62
tiktok.com,https://www.tiktok.com/@svpch,7479896472293608736,"NationalrÃ¤tin Magdalena Martullo-Blocher (GR): Â«Mit dem EU-Unterwerfungsvertrag kommt die monstrÃ¶se EU-BÃ¼rokratie auf uns zu. Damit mÃ¼ssten wir EU-Regulierungen in wichtigen Bereichen Ã¼bernehmen. FÃ¼r kleine und mittlere Unternehmen wÃ¤re das ein Desaster, da dies Zusatzaufwand und weitere Abgaben bedeuten wÃ¼rden. Der schlechte Zustand der EU-Wirtschaft zeigt, dass unser Schweizer Weg erfolgreicher ist als die erdrÃ¼ckende EU-BÃ¼rokratie.Â»",2025-03-09 19:42:23,28,73,618,6525,29,SVP Schweiz ğŸ‡¨ğŸ‡­,6949825166927807494,0,True,svpch,https://www.tiktok.com/@svpch/video/7479896472293608736,-0.78
