source_platform,source_platform_url,data.id,data.caption.text,data.caption.created_at,data.media_type,data.like_count,data.comment_count,sentiment_rulebased,voting.topic
instagram.com,https://www.instagram.com/diejungemitte_ch/,3740442021367163040_1383293655,"HÃ¼t isch #WorldMentalHealthDay und e super Glegeheit zum wiedermal bi dine Kollege/Kolleginne nahzâ€˜frÃ¶ge wies ihne gaat.â£ï¸ HÃ¼t isch aber au e super Glegeheit zum dene Organisatione Merci zâ€˜sege wo unglaublich vill leischted fÃ¼r di psychisch Gsundheit vo eusere Generation. Etz will de Bund abr genau dete spare, das mÃ¼emer verhindere, hilf mit! ğŸ¤ Und zwar via: https://sparstoppjugend.ch  #MentalHealth #Sachpolitik #PrÃ¤vention",2025-10-10 17:14:21+00:00,2,3,1,1.0,0
instagram.com,https://www.instagram.com/diejungemitte_ch/,3740355058002100044_5441670489,"Tanzen verbindet, genau wie die @initiative_servicecitoyen2025 ! Ãœberparteilich setzen wir uns fÃ¼r ein JA fÃ¼r den BÃ¼rger:innendienst fÃ¼r alle ein! ğŸ’• ğŸ‡¨ğŸ‡­ fÃ¼r Einheit in Vielfalt ğŸ’ª fÃ¼r eine krisenfeste Schweiz",2025-10-10 14:09:29+00:00,2,137,8,0.01,0
instagram.com,https://www.instagram.com/diejungemitte_ch/,3739751130495466989_2258948227,"Heute hat die Junge Mitte mit dem Ã¼berparteilichen Komitee das Referendum gegen die EinfÃ¼hrung der Individualbesteuerung offiziell eingereicht. Um auf die Folgen der Individualbesteuerung aufmerksam zu machen, Ã¼berreichte die Junge Mitte der FDP und den Jungfreisinnigen ein verfrÃ¼htes Weihnachtsgeschenk: einen Berg aus Paketen, der sinnbildlich fÃ¼r 1.7 Millionen zusÃ¤tzliche SteuererklÃ¤rungen pro Jahr steht. ğŸ #chvote #aufbruchmitte #individualbesteuerung  #referendum",2025-10-09 18:08:36+00:00,2,187,16,0.0,0
instagram.com,https://www.instagram.com/diejungemitte_ch/,3739588431941731638_2258948227,"Heute hat die Junge Mitte mit dem Ã¼berparteilichen Komitee das Referendum gegen die EinfÃ¼hrung der Individualbesteuerung offiziell eingereicht. Um auf die Folgen der Individualbesteuerung aufmerksam zu machen, Ã¼berreichte die Junge Mitte der FDP und den Jungfreisinnigen ein verfrÃ¼htes Weihnachtsgeschenk: einen Berg aus Paketen, der sinnbildlich fÃ¼r 1.7 Millionen zusÃ¤tzliche SteuererklÃ¤rungen pro Jahr steht.ğŸ #DieJungeMitte #chvote #individualbesteuerung  #aufbruchmitte",2025-10-09 12:41:42+00:00,8,151,4,0.0,0
instagram.com,https://www.instagram.com/diejungemitte_ch/,3731780791316282121_1383293655,"Heute wurde die E-ID knapp mit 50.4% angenommen. ğŸ—³ï¸ğŸ˜… FÃ¼r mich ist dieses knappe Resultat ein weiteres Beispiel, wieso unsere Generation dringend mehr an die Urne muss. ğŸ§ Im November stehen bereits die nÃ¤chsten Vorlagen an. Motiviert euer Umfeld, an unserer Demokratie teilzunehmen.Â ğŸ“ƒâœï¸ Es geht um nichts Geringeres als unsere #Zukunft!  #Abst25 #EID #Digitalisierung",2025-09-28 18:16:18+00:00,2,155,1,0.73,1
instagram.com,https://www.instagram.com/diejungemitte_ch/,3729557874537158404_2258948227,âœ…ï¸ Jetzt JA zur E-ID stimmen ğŸ“¬ #eid #ja #chvote #aufbruchmitte,2025-09-25 16:32:47+00:00,1,77,1,0.0,1
instagram.com,https://www.instagram.com/diejungemitte_ch/,3728846889794982389_2258948227,"ğŸ‡¨ğŸ‡­ Mittlerweile sind es mit Nidwalden sogar zehn Kantone. ğŸ”¥ ğŸ–Š Unterschreibe das Referendum zur Individualbesteuerung trotzdem (Link in Bio) â€“ als starkes Zeichen, und sende den Unterschriftenbogen sofort einğŸ“¬ #uri #altdorf #landrat #diejungemitte #aufbruchmitte #nein #steuerschwindel",2025-09-24 17:16:05+00:00,2,173,8,0.0,0
instagram.com,https://www.instagram.com/diejungemitte_ch/,3727803652724505505_2258948227,âœ…ï¸ Jetzt brieflich abstimmen ğŸ“¬ âœ…ï¸ JA fÃ¼r Fortschritt ğŸ“¬ âœ…ï¸ JA zur E-ID ğŸ“¬ #chvote #eid #ja #aufbruchmitte #fortschritt,2025-09-23 06:27:27+00:00,8,68,0,0.02,1
instagram.com,https://www.instagram.com/diejungemitte_ch/,3727313106901959704_2258948227,âœ…ï¸Jetzt JA zur E-ID stimmenğŸ“¬ â”ï¸Fragen zur Vorlage? Slide in die DM's â—ï¸ #eid #chvote #aufbruchmitte #Digital #fortschritt,2025-09-22 14:19:01+00:00,2,156,0,0.01,1
instagram.com,https://www.instagram.com/diejungemitte_ch/,3726698942433129001_2258948227,âœ…ï¸Stimme bis nÃ¤chsten Sonntag JA zur E-IDğŸ“¬ #chvote #e-id #ja #diejungemitte #aufbruchmitte,2025-09-21 17:54:23+00:00,2,114,2,0.23,1
instagram.com,https://www.instagram.com/diejungemitte_ch/,3725171331567594298_2258948227,Jetzt Referendum zur Individualbesteuerung unterschreiben (Link in Bio)ğŸ–Š âŒï¸ Nein zum Steuerschwindel #grosserrat #wallis #aufbruchmitte #chvote,2025-09-19 15:23:10+00:00,2,59,1,0.0,0
instagram.com,https://www.instagram.com/diejungemitte_ch/,3723838091418177508_2258948227,Bist du interessiert am Austausch mit internationalen Kolleginnen und Kollegen? ğŸŒ KnÃ¼pfst du gerne neue Kontakte und mÃ¶chtest dich vernetzen? ğŸ¤ğŸ—£ï¸ Dann werde Teil der Internationalen Kommission der Jungen Mitte â€“ und gestalte mit uns die Zusammenarbeit Ã¼ber Grenzen hinweg! âœ¨ ğŸ‘‰ Mehr Informationen findest du hier: https://diejungemitte.ch/Ã¼ber-uns #diejungemitte #zusammenarbeit #internationale #kommission,2025-09-17 19:08:35+00:00,8,72,1,0.54,0
instagram.com,https://www.instagram.com/diejungemitte_ch/,3723001420036457471_2258948227,"ğŸ¥³ Herzliche Gratulation an @yvonne.buergin zur Wahl als neue FraktionsprÃ¤sidentin der Mitte-EVP-Fraktion Schweiz! ğŸ™Œ Wir wÃ¼nschen dir viel Erfolg, Energie und Freude in dieser wichtigen Aufgabe und freuen uns auf die gemeinsame Zusammenarbeit. ğŸ§¡ #DieMitte #DieJungeMitte #TeamMitte #aufbruchmitte",2025-09-16 16:23:37+00:00,1,115,0,1.0,0
instagram.com,https://www.instagram.com/diejungemitte_ch/,3722793242954870343_2258948227,"Mit der staatlichen E-ID behalten wir die Kontrolle Ã¼ber unsere Daten - sicher, modern und schweizerisch. ğŸ’¡ğŸªª ğŸ‘‰ Mehr unter: www.schweizer-eid-ja.ch #diejungemitte #schweiz #abst25  #chvote #ja #eid",2025-09-16 08:32:40+00:00,8,99,1,0.6,1
instagram.com,https://www.instagram.com/diejungemitte_ch/,3721459714405188939_2258948227,"Wir haben einen neuen PrÃ¤sidenten! ğŸš€ Benedikt Schmid wurde an der Delegiertenversammlung in Biel mit 112 Stimmen zum PrÃ¤sidenten gewÃ¤hlt. Herzliche Gratulation! ğŸ§¡ In seiner Antrittsrede machte er deutlich: Â«Im Februar haben in Deutschland Ã¼ber 50 % der U24-JÃ¤hrigen radikale Parteien gewÃ¤hlt. Mein Ziel ist es, dass die Schweizer Jugend nicht dem Populismus verfÃ¤llt.Â» Zudem unterstrich er: Â«Wir wollen zeigen, dass Politik nicht nur Streit bedeutet, sondern konkrete Antworten fÃ¼r die Herausforderungen unserer Generation liefern kann.Â» Wir bedanken uns beim abgetretenen PrÃ¤sidenten Marc Rudisuli fÃ¼r seine riesige Arbeit, die er in den letzten vier Jahren geleistet hat. ğŸ«¶ğŸ¼ Er sieht heute eine Partei, die sichtbarer, eigenstÃ¤ndiger und wirkungsvoller denn je politisiert. Er sagt: Â«Die Junge Mitte hat ihr Profil geschÃ¤rft und ist heute die drittbeliebteste Partei der Gen Z. Immer mehr junge Menschen setzen auf #Zusammenhalt und tragfÃ¤hige LÃ¶sungen statt auf Spaltung und Ideologien. Es war mir eine Ehre, Die Junge Mitte zu fÃ¼hren. Mein Dank gilt allen Mitgliedern, die sich tÃ¤glich fÃ¼r eine starke Mitte in der Schweizer Politik einsetzen.Â»",2025-09-14 12:23:11+00:00,1,240,7,1.0,0
instagram.com,https://www.instagram.com/diejungemitte_ch/,3719873527106302891_2258948227,"Morgen wÃ¤hlt Die Junge Mitte Schweiz an ihrer Delegiertenversammlung in Biel einen neuen nationalen Vorstand. Dabei verabschieden wir uns von prÃ¤genden PersÃ¶nlichkeiten: PrÃ¤sident Marc RÃ¼disÃ¼li, VizeprÃ¤sident Maxime Moix, unser internationaler SekretÃ¤r Michele Roncoroni, unsere GeneralsekretÃ¤rin Rahel sowie die Vorstandsmitglieder An-Charlotte Treskatsch und Isaure Juilliard treten zurÃ¼ck. Sie haben die Jungpartei Ã¼ber Jahre hinweg entscheidend weiterentwickelt und mit ihrem grossen Engagement viel erreicht. Wir danken ihnen herzlich fÃ¼r ihren enormen Einsatz - solch langfristiges ehrenamtliches Engagement ist alles andere als selbstverstÃ¤ndlich. ğŸ§¡ Wir sind gespannt, wer morgen in ihre Fussstapfen treten und sich kÃ¼nftig im Vorstand der Jungen Mitte Schweiz fÃ¼r eine verantwortungsvolle Politik und die Interessen junger Menschen starkmachen wird. Demain, lors de leur assemblÃ©e des dÃ©lÃ©guÃ©s Ã  Bienne, les Jeunes du Centre Ã©liront un nouveau comitÃ© national. Ã€ cette occasion, nous ferons nos adieux Ã  des personnalitÃ©s marquantes : le prÃ©sident Marc RÃ¼disÃ¼li, le vice-prÃ©sident Maxime Moix, notre secrÃ©taire international Michele Roncoroni, notre secrÃ©taire gÃ©nÃ©rale Rahel ainsi que les membres du comitÃ© An-Charlotte Treskatsch et Isaure Juilliard qui ne se reprÃ©sentent pas. Ils ont contribuÃ© de maniÃ¨re dÃ©cisive au dÃ©veloppement de notre jeunesse de parti au fil des ans et ont accompli beaucoup de choses grÃ¢ce Ã  leur grand engagement. Nous les remercions chaleureusement pour leur Ã©norme dÃ©vouement â€“ un engagement bÃ©nÃ©vole aussi durable est tout sauf Ã©vident. ğŸ§¡ Nous sommes impatients de dÃ©couvrir qui suivra leurs traces demain et s'engagera Ã  l'avenir au sein du comitÃ© directeur des Jeunes du Centre pour une politique responsable et les intÃ©rÃªts des jeunes.",2025-09-12 07:54:55+00:00,8,250,13,1.0,1
instagram.com,https://www.instagram.com/diejungemitte_ch/,3714792349093377940_2258948227,"Die FDP lanciert eine Initiative fÃ¼r weniger Personal beim Staat. Gleichzeitig will sie die Individualbesteuerung einfÃ¼hren. Die Folgen wÃ¤ren kompletter Umbau des Steuersystems und 1.7 Millionen zusÃ¤tzliche SteuererklÃ¤rungen. Und dafÃ¼r brÃ¤uchte es hunderte neue Steuerbeamte in den Kantonen. ğŸ¤¯ğŸ¤·ğŸ¼â€â™‚ï¸ Wer wirklich zusÃ¤tzliches Personal beim Staat verhindern will, unterschreibt noch heute das Referendum gegen die Individualbesteuerung. Danke! ğŸ§¡",2025-09-05 07:36:19+00:00,1,80,3,0.2,0
instagram.com,https://www.instagram.com/diejungemitte_ch/,3714288521721979758_1456289014,â€¼ï¸Steuerschwindelâ€¼ï¸ Jetzt Referendum unterschreiben âœï¸âœï¸âœï¸,2025-09-04 14:57:09+00:00,2,157,10,0.0,0
instagram.com,https://www.instagram.com/diejungemitte_ch/,3714038750079936257_2258948227,"ğŸ‘‰ Die Jugend darf nicht vergessen gehen. Es braucht jetzt PrÃ¤vention, Hilfe & Fachpersonal - fÃ¼r eine psychisch gesunde nÃ¤chste Generation.ğŸ’ªğŸ§  #gesundejugendjetzt #diejungemitte",2025-09-04 06:39:03+00:00,8,64,0,0.39,0
instagram.com,https://www.instagram.com/diejungemitte_ch/,3712063721649741023_2258948227,"â€Mer werded sie bodige!â€œ ğŸ¤¼â€â™‚ï¸ğŸ—³ï¸ Brauchen hierfÃ¼r aber deine Unterschrift! Die letzten Wochen der Unterschriftensammlung laufen, bald sind die 100 Tage vorbei. Den Link zum Unterschriftenbogen findest du in unserer Bio.  #IndividualBesteuerung #DieJungeMitte #Heiratsstrafe #ESAF2025",2025-09-01 13:15:02+00:00,8,90,1,0.0,0
instagram.com,https://www.instagram.com/diejungemitte_ch/,3709950790266411679_62092887470,"Am 28. September stimmen wir Ã¼ber die E-ID ab. Sie ist sicher, praktisch und vereinfacht unseren Alltag. ğŸ‡¨ğŸ‡­ğŸ’¡ Ich sage mit Ãœberzeugung JA zur E-ID â€“ fÃ¼r eine moderne und digitale Schweiz.  Stimm auch Du JA zur E-ID am 28. September. ğŸ—³ï¸ğŸ¥‚ #eid #ja #digitaleschweiz #abstimmung #september",2025-08-29 15:21:14+00:00,2,93,0,0.72,1
instagram.com,https://www.instagram.com/diejungemitte_ch/,3709708694402650065_2258948227,"23 Femizide allein in diesem Jahr - ein erschÃ¼tternder Rekord, der zeigt: Gewalt gegen Frauen ist keine Randerscheinung, sondern bittere RealitÃ¤t.ğŸš¨ Wir dÃ¼rfen nicht wegschauen. Jede Frau hat das Recht auf Sicherheit. Es braucht jetzt PrÃ¤vention, SchutzplÃ¤tze und konsequentes Handeln von Politik und Gesellschaft.  #stopfemizid #diejungemitte #schweiz",2025-08-29 07:16:00+00:00,8,95,0,-0.91,0
instagram.com,https://www.instagram.com/diejungemitte_ch/,3708533357262951354_2258948227,Trotz #Heiratsstrafe glÃ¼cklich verheiratet ğŸ’â¤ï¸ #DieJungeMitte â™¾ï¸ #SachPolitik,2025-08-27 16:20:49+00:00,8,153,2,0.12,0
instagram.com,https://www.instagram.com/diejungemitte_ch/,3706218973442344805_2258948227,"(FR ci-dessous) Heute, anlÃ¤sslich des Independence Day der Ukraine ğŸ‡ºğŸ‡¦, sind unsere Gedanken bei den jungen Menschen im ganzen Land: Letzte Woche war Die Junge Mitte Schweiz gemeinsam mit unserem internationalen SekretÃ¤r @michele_roncoroni am Political Camp 2025 in Lwiw, Ukraine vertreten und hat die Bande der SolidaritÃ¤t und Freundschaft gestÃ¤rkt. ğŸ‡ºğŸ‡¦ğŸ‡¨ğŸ‡­ Die wichtigsten Punkte unserer PrÃ¤senz: ğŸ•Šï¸ UnterstÃ¼tzung fÃ¼r die Ukraine: NÃ¤he und SolidaritÃ¤t mit dem ukrainischen Volk. ğŸ’ªğŸ¼ Fokus auf die Jugend: Junge Menschen dÃ¼rfen in Krisen-, Not- und Kriegssituationen nicht vergessen werden. ğŸ¤ Den neuen Generationen eine Stimme geben: Sie brauchen Raum, um ihre BedÃ¼rfnisse und Ideen zu Ã¤ussern. ğŸŒ Jugend als Gestalter von morgen: sie sind diejenigen, die eine andere Zukunft aufbauen kÃ¶nnen. ğŸ’™ğŸ’› Die Jugend im Mittelpunkt, fÃ¼r eine Zukunft voller Hoffnung, Frieden und Freiheit. Die Ukrainerinnen und Ukrainer kÃ¤mpfen mutig und entschlossen fÃ¼r die SouverÃ¤nitÃ¤t ihres Landes. Dabei verteidigen sie auch die europÃ¤ische und internationale Friedensordnung. Thank you very much @solidarna_molod, the organiser of the event! - Aujourd'hui, Ã  l'occasion du jour de l'indÃ©pendance en Ukraine ğŸ‡ºğŸ‡¦, nos pensÃ©es vont aux jeunes de tout le pays : pas plus tard que la semaine derniÃ¨re, les #JeunesDuCentre Suisse Ã©taient prÃ©sents avec leur secrÃ©taire international @michele_roncoroni au Political Camp 2025 Ã  Lviv en Ukraine, oÃ¹ ils ont renforcÃ© les liens de solidaritÃ© et d'amitiÃ© ğŸ‡ºğŸ‡¦-ğŸ‡¨ğŸ‡­. âœ¨ Les points essentiels de notre prÃ©sence : ğŸ•Šï¸ Soutien Ã  l'Ukraine : proximitÃ© et solidaritÃ© avec le peuple ukrainien. ğŸ”¥ Focus sur la jeunesse : les jeunes ne doivent pas Ãªtre oubliÃ©s dans les situations de crise, d'urgence ou de guerre. ğŸ¤ Donner une voix aux nouvelles gÃ©nÃ©rations : elles ont besoin d'espace pour exprimer leurs besoins et leurs idÃ©es. ğŸŒ Faire des jeunes les artisans de demain : ce sont eux qui peuvent construire un autre avenir. ğŸ’™ğŸ’› La jeunesse au centre, pour un avenir plein d'espoir, de paix et de libertÃ©. Merci beaucoup Ã  @solidarna_molod, l'organisateur de l'Ã©vÃ©nement ! #slavaukraini",2025-08-24 11:42:33+00:00,8,56,0,0.13,1
instagram.com,https://www.instagram.com/diejungemitte_ch/,3702722205044979888_2258948227,"Vom 7. bis 10. August waren wir fÃ¼r unser Sommercamp in Malters im schÃ¶nen Kanton Luzern.ğŸ¥¾â›°ï¸ Mit Ã¼ber 30 Mitglieder haben wir unsere Themen vertieft, an Ideen gearbeitet und neue PlÃ¤ne geschmiedet. Zwischen all den GesprÃ¤chen und Diskussionen kam das Zwischenmenschliche und das gemÃ¼tliche Beisammensein natÃ¼rlich nicht zu kurz. Am Samstag gings dann noch raus aufs Luzerner Land fÃ¼r eine schÃ¶ne Wanderung. Ein perfekter Abschluss fÃ¼r ein gelungenes Camp!  Wir danken allen Teilnehmenden und freuen uns bereits jetzt auf das nÃ¤chste Sommercamp!ğŸ§¡ #diejungemitte #sommercamp #luzern #wanderung #diskussion",2025-08-19 15:55:08+00:00,8,118,0,1.0,0
instagram.com,https://www.instagram.com/diejungemitte_ch/,3693296845492592444_2258948227,Die nÃ¤chste Delegiertenversammlung steht bevor!ğŸ¤© Sie findet in Biel/Bienne im Kanton Bern statt. Es erwarten euch einige spannende Programmpunkte wie beispielsweise die Parolenfassung zur E-ID oder das GesprÃ¤ch mit dem neuen Mitte-PrÃ¤sidenten Philipp Matthias Bregy. Das Highlight werden natÃ¼rlich die Gesamterneuerungswahlen sein. Ãœber den untenstehenden Link kannst du dich anmelden:  https://diejungemitte.ch/veranstaltungen/2-delegiertenversammlung-2025 Wir freuen uns auf eine spannende Delegiertenversammlung!ğŸš€ #diejungemitte #delegiertenversammlung #bern #biel #wahlen,2025-08-06 15:49:04+00:00,2,46,0,1.0,1
instagram.com,https://www.instagram.com/diejungemitte_ch/,3689446981965092090_2258948227,"Alles Gute, liebe Schweiz!ğŸ‡¨ğŸ‡­ Heute feiern wir, was unser Land stark macht - und wofÃ¼r wir dankbar sein dÃ¼rfen. Gleichzeitig stehen grosse Herausforderungen an, die wir mutig, wirksam und ganzheitlich anpacken mÃ¼ssen. FÃ¼r eine Schweiz, die zusammenhÃ¤lt, Fortschritt wagt und niemanden zurÃ¼cklÃ¤sst. #diejungemitte #schweiz #1august #nationalfeiertag",2025-08-01 08:19:38+00:00,8,117,0,1.0,0
instagram.com,https://www.instagram.com/diejungemitte_ch/,3688275331546611176_2258948227,Unsere VizeprÃ¤sidentin Nina Gisler ist gegen den indirekten Gegenvorschlag zur Individualbesteuerungsinitiative und unterstÃ¼tzt das Referendum dazu. Unterschreib auch DU noch heute! ğŸ“ğŸš€ ğŸ‘‰ Mehr Infos unter: https://steuer-schwindel-nein.ch #diejungemitte #referendum #individualbesteuerung #steuerschwindel,2025-07-30 17:31:45+00:00,1,50,1,0.0,0
instagram.com,https://www.instagram.com/diejungemitte_ch/,3684361478156663167_7660366739,Unser PrÃ¤sident sagt Nein zum Steuerschwindel. Unterschreibe auch du jetzt das Referendum. âœğŸ¼,2025-07-25 07:55:37+00:00,1,26,0,0.0,0
instagram.com,https://www.instagram.com/diejungemitte_ch/,3679613128660261460_2258948227,"ğŸ‡ªğŸ‡º Am vergangenen Wochenende fand in BrÃ¼ssel der YEPP-Kongress statt! ğŸŒŸ Herzlichen GlÃ¼ckwunsch an Sophia Kircher, die zur neuen PrÃ¤sidentin gewÃ¤hlt wurde! ğŸ™ Danke an Lidia Pereira fÃ¼r 6 Jahre engagierte PrÃ¤sidentschaft! ğŸ‘ Und herzlichen GlÃ¼ckwunsch an Michele, der als FinanzprÃ¼fer wiedergewÃ¤hlt wurde. ğŸ“œ Der Kongress stimmte ab: - Das aktualisierte politische Programm - Eine Aktualisierung des Verhaltenskodexes - Den Beitritt von fÃ¼nf neuen Mitgliedern und zwei Beobachtern. ğŸ‘¥ Dank an unsere EhrengÃ¤ste : - Maria LuÃ­s Albuquerque, Kommissarin fÃ¼r Finanzdienstleistungen. - FranÃ§ois-Xavier Bellamy, Mitglied des EuropÃ¤ischen Parlaments & Schatzmeister der EVP - Claudia Plakolm, Ã¶sterreichische Ministerin fÃ¼r Europa, Integration und Familie. ğŸ™ Zwei inspirierende Panels : 1. Youth Engagement in Policy Making (Jugendliches Engagement in der Politikgestaltung). 2. Sustainability Through Innovation (Nachhaltigkeit durch Innovation). Die Jugend Europas handelt weiterhin fÃ¼r die Zukunft! ğŸ‡ªğŸ‡ºâœŠ",2025-07-18 18:41:31+00:00,8,69,0,1.0,0
instagram.com,https://www.instagram.com/diejungemitte_ch/,3672219143843117738_38224573738,"Gemeinsam mit einer Ã¼berparteiliche Allianz hat Die Mitte das Referendum gegen die vom Parlament beschlossene EinfÃ¼hrung der Individualbesteuerung ergriffen. Diese Reform schafft neue Ungleichheiten und ist ein riesiges BÃ¼rokratiemonster. Die Individualbesteuerung benachteiligt Familien, Ã¼berlastet den Mittelstand und verkompliziert unser Steuersystem massiv. Die Diskriminierung verheirateter Paare #Heirasstrafe kann auch ohne eine vollstÃ¤ndige SystemÃ¤nderung beseitigt werden. Jetzt Bogen ausdrucken, unterschreiben und einschicken! ğŸ“®",2025-07-08 13:50:58+00:00,1,25,1,0.12,0
instagram.com,https://www.instagram.com/diejungemitte_ch/,3667631860175357325_2258948227,"Heute startet die Womenâ€™s Euro 2025 - und die Schweiz ist Gastgeberin!âš½ï¸ğŸ‡¨ğŸ‡­ Als Junge Mitte freuen wir uns auf ein spannendes Turnier- und setzen uns gleichzeitig fÃ¼r mehr Gleichstellung im Sport ein. Frauen verdienen Anerkennung, faire Bedingungen und Schutz vor Diskriminierung - im Fussball wie in allen anderen Sportarten.  #womenseuro2025 #gleichstellung #fairplay  #diejungemitte",2025-07-02 05:56:52+00:00,8,79,1,1.0,0
instagram.com,https://www.instagram.com/diejungemitte_ch/,3659046068490417057_2258948227,"Heute ist der WeltflÃ¼chtlingstag Als Junge Mitte setzen wir uns fÃ¼r eine verantwortungsvolle FlÃ¼chtlingspolitik ein. Menschen, die vor Krieg, Verfolgung oder dem Klimawandel fliehen, verdienen Schutz und eine faire Chance auf Integration. Gleichzeitig braucht Integration klare Regeln und gegenseitigen Respekt. Wer bereit ist, sich zu integrieren, soll unterstÃ¼tzt werden. Wer unsere Werte ablehnt, muss mit Konsequenzen rechnen.  #diejungemitte #weltflÃ¼chtlingstag #integration  #verantwortung #menschenrechte",2025-06-20 09:38:26+00:00,8,36,0,-0.63,0
instagram.com,https://www.instagram.com/diejungemitte_ch/,3657572814445686596_2258948227,"Heute berÃ¤t das Parlament zum ersten Mal Ã¼ber die Service-Citoyen-Initiative - eine Chance fÃ¼r mehr Inklusion, SolidaritÃ¤t und Sicherheit. Die Schweiz braucht neue Antworten auf neue Herausforderungen. ğŸ“£ Mehr unter: www.diejungemitte.ch/news",2025-06-18 08:51:20+00:00,8,51,0,0.01,0
instagram.com,https://www.instagram.com/diejungemitte_ch/,3656423194122370182_2258948227,Elternzeit wurde heute im Nationalrat beraten. Unser Appell: Flexibilisierung ja â€“ aber nur mit echtem Ausbau! Le congÃ© parental a Ã©tÃ© dÃ©battu aujourdâ€™hui au Conseil national. Notre revendication: oui Ã  davantage de flexibilisation - mais seulement avec une extension!,2025-06-16 18:50:03+00:00,2,48,1,0.0,0
instagram.com,https://www.instagram.com/diejungemitte_ch/,3654706261861801694_2258948227,Im Interview mit CH Media plÃ¤diert @marc.ruedisueli fÃ¼r eine nationale Strategie im Umgang mit Tech-Konzernen und sozialen Medien.  Wir mÃ¼ssen TikTok und Co. stÃ¤rker in die #Verantwortung nehmen! ğŸ“± ğŸ“¸ RaphaÃ«l Dupain #DieJungeMitte #DieMitte #Jungpartei #SocialMedia,2025-06-14 09:55:04+00:00,8,132,3,0.01,0
instagram.com,https://www.instagram.com/diejungemitte_ch/,3654165053401955595_2258948227,"Die Zukunft der Jungen Mitte mitgestalten? Jetzt ist deine Chance! An unserer nÃ¤chsten Delegiertenversammlung vom 13. September 2025 finden die Gesamterneuerungswahlen statt â€“ und wir suchen engagierte Mitglieder fÃ¼r den nationalen Vorstand. Ob PrÃ¤sidium oder Vorstandsmitglied: Ãœbernimm #Verantwortung und bring deine Ideen ein! ğŸš€ Ein herzliches DankeschÃ¶n bereits jetzt an unsere abtretenden Vorstandsmitglieder fÃ¼r ihren grossen Einsatz: Marc RÃ¼disÃ¼li, Maxime Moix, Isaure Juillard und Michele Roncoroni â€“ merci fÃ¼r euer Engagement! ğŸ§¡ Jetzt suchen wir neue engagierte KÃ¶pfe â€“ vielleicht genau dich? ğŸ”ğŸ‘‰ Bewerbungsfrist: 1. September 2025",2025-06-13 16:00:13+00:00,8,124,0,0.64,1
instagram.com,https://www.instagram.com/diejungemitte_ch/,3653115284298639539_2258948227,"Ab 2026 gibtâ€™s die 13. AHV-Rente - aber wer bezahlt das? Wir setzen uns fÃ¼r eine faire Finanzierung ein: Eine ausgewogene Mischung aus LohnbeitrÃ¤gen und Mehrwertsteuer sorgt dafÃ¼r, dass die Lasten auf alle verteilt werden. âš–ï¸ ğŸ‘‰ Mehr unter: www.diejungemitte.ch/news",2025-06-12 05:15:02+00:00,8,29,0,0.75,0
instagram.com,https://www.instagram.com/diejungemitte_ch/,3652383364702972218_2258948227,"Unser PrÃ¤sident @marc.ruedisueli hat sich entschieden, das PrÃ¤sidium im Herbst abzugeben. Unter seiner Leitung konnte #DieJungeMitte wichtige Erfolge feiern: Ein anhaltender Mitgliederzuwachs sowie ein starkes Ergebnis bei den eidgenÃ¶ssischen Wahlen 2023, bei denen Die Junge Mitte in insgesamt sieben Kantonen die stÃ¤rkste Jungpartei ist.  Besonders erfreulich ist dabei der Zuwachs bei den jungen Menschen, die Die Mitte wÃ¤hlen: Bei den 18- bis 34-JÃ¤hrigen konnte Die Mitte ihren WÃ¤hleranteil von 8 Prozent auf 13 Prozent steigern und liegt damit vor GLP und FDP.Â  Das zeigt: Immer mehr junge Menschen setzen auf #Zusammenhalt und tragfÃ¤hige #LÃ¶sungen statt auf Spaltung und Ideologien. Mit Marc an der Spitze hat Die Junge Mitte ihr Profil geschÃ¤rft und sich auch nicht gescheut, die Mutterpartei zu kritisieren, wenn es nÃ¶tig war. Die Junge Mitte ist heute sichtbarer, eigenstÃ¤ndiger und wirkungsvoller denn je. Wir danken Marc fÃ¼r seinen grossen Einsatz! ğŸ§¡ Die Nachfolge wird bei den Gesamterneuerungswahlen an der Delegiertenversammlung am 13. September 2025 in Biel gewÃ¤hlt. ğŸ—³ï¸",2025-06-11 05:00:12+00:00,1,216,26,1.0,1
instagram.com,https://www.instagram.com/diejungemitte_ch/,3646669179832923528_9611741297,"Die Individualbesteuerung ist ein #BÃ¼rokratiemonster und wÃ¼rde von allen #Kantonen und #Gemeinden verlangen, ihre Steuertarife anzupassen. Das ist unverhÃ¤ltnismÃ¤ssig. ğŸ“‰ Die #Heiratsstrafe kann einfacher und gezielter abgeschafft werden. ğŸ’ğŸ‘°â€â™€ï¸ğŸ¤µğŸ’’ #diemitte #diemitteluzern #freiheit #solidaritÃ¤t #verantwortung #zusammen #zusammenhalt #wirhaltendenkantonluzernzusammen #wirhaltendieschweizzusammen #lÃ¶sungen #konsens #luzern #kantonluzern #ehe #familien #mittelstand #finanzen #steuern #heiratsstrafe #abschaffe #fairnessfÃ¼ralle ğŸ¥ @srfarena",2025-06-03 07:51:15+00:00,2,126,2,0.21,0
instagram.com,https://www.instagram.com/diejungemitte_ch/,3643330748140359122_2258948227,Unser â¤ï¸ schlÃ¤gt fÃ¼r das LÃ¶tschental.,2025-05-29 17:14:53+00:00,1,106,0,-0.03,0
instagram.com,https://www.instagram.com/diejungemitte_ch/,3641129070176234790_1383293655,"Immer mehr junge Menschen werden aufgrund ihrer psychischen Probleme arbeitsunfÃ¤hig. ğŸš¨ Die dadurch verursachten Kosten sind die Folge unseres dysfunktionalen Gesundheitssystems. ğŸ’¸ Letzte Woche erschien bei der #Rundschau ein Beitrag zu den steigenden IV-Renten. Was in der Diskussion leider vergessen geht, ist die Ursache, wieso immer mehr Leute arbeitsunfÃ¤hig werden. âš ï¸ Keine IV-Reform wird zu weniger Gesuchen fÃ¼hren, hierfÃ¼r braucht es ein funktionierendes Gesundheitssystem ohne monatelange Wartezeiten.Â  HierfÃ¼r setzen wir uns ein, mehr dazu findest du im Positionspapier zur psychischen Gesundheit. ğŸ§ ğŸ©º #MentalHealth #Gesundheitspolitik #Sachpolitik #IVRenten #GesundeJugendJetzt #DieJungeMitte",2025-05-26 16:35:20+00:00,2,143,19,-0.65,1
instagram.com,https://www.instagram.com/diejungemitte_ch/,3635819105110719661_48850732865,Ensemble pour la cohÃ©sion plutÃ´t que la division. Pour une Suisse libre et solidaire. Tu veux Ãªtre de la partie la prochaine fois ? Deviens membre maintenant ! Lien dans le bio. ğŸš€ Gemeinsam fÃ¼r Zusammenhalt statt Spaltung. FÃ¼r eine freie und solidarische Schweiz. Du willst nÃ¤chstes Mal auch dabei sein? Jetzt Mitglied werden! Link in der Bio. ğŸš€,2025-05-19 08:30:35+00:00,8,111,1,0.43,0
instagram.com,https://www.instagram.com/diejungemitte_ch/,3633984427528874543_2258948227,"âœ¨ Gleichzeitig mit dem Kongress der Jungen Mitte Schweiz fand in ChiÈ™inÄƒu, Moldawien, der YEPP-Kongress unter dem Titel Â«Europe in the making: Moldovaâ€™s path & the future of EU integrationÂ» statt. Unsere Delegierten @michele_roncoroni @greg.aostalli und @alexandraleibenguth waren bis Samstag vormittag mit dabei. ğŸ—ºï¸ Angesichts der aktuellen geopolitischen Lage hÃ¤tte der Zeitpunkt kaum passender sein kÃ¶nnen: Im Fokus standen Moldawiens Weg in die EU nach dem knappen Ja beim EU-Referendum â€“ und die Rolle Transnistriens, das nach wie vor von russischen Truppen besetzt ist und unter massiver Propaganda steht. ğŸ­ Theorie traf auf RealitÃ¤t: Wir erlebten sowohl das pro-europÃ¤ische EU-Fest als auch prorussische Autokonvois â€“ ein Kontrast, der die Spannungen vor Ort deutlich machte. ğŸ“ Auch Bildung war Thema: die AnnÃ¤herung an europÃ¤ische Bildungsstandards, der Kampf gegen den Brain Drain und die Zukunftsperspektiven fÃ¼r junge Moldawier:innen.",2025-05-16 19:45:26+00:00,8,105,0,-1.0,0
instagram.com,https://www.instagram.com/diejungemitte_ch/,3632227466726728819_2258948227,"Am vergangenen Wochenende fand unser Kongress in Martigny im schÃ¶nen Kanton Wallis statt. Wir blicken auf eine unvergessliche und schÃ¶ne Zeit zurÃ¼ck, welche uns allen noch lange in Erinnerung bleiben wird. Anbei sind einige Impressionen. ğŸš€ğŸ’œğŸ§¡ #diejungemitte #kongress2025 #martigny #wallis",2025-05-14 09:34:40+00:00,8,140,1,0.02,0
instagram.com,https://www.instagram.com/diejungemitte_ch/,3627788856111862256_2258948227,"8. Mai - Tag der Befreiung Heute vor 80 Jahren endete der Zweite Weltkrieg und damit unendliches Leid fÃ¼r die Opfer. Hoffnung haben in dieser Zeit diejenigen gegeben, die fÃ¼r die Grundrechte der Menschen und fÃ¼r die Demokratie gekÃ¤mpft haben. Das verpflichtet und nimmt uns, die heutige Generation, in die Verantwortung. Wir als Junge Mitte mÃ¶chten an diese Verantwortung appellieren, denn sie ist auch fÃ¼r die kommende Generation entscheidend. #diejungemitte #verantwortung #tagderbefreiung #8mai",2025-05-08 06:35:56+00:00,8,72,0,-0.29,1
instagram.com,https://www.instagram.com/p/DJYfr5oqxHw/?img_index=1,3627318224114853624_2258948227,"Sparen ja, aber nicht auf Kosten der ZukunftğŸš€ Die Junge Mitte fordert Verantwortung und Weitsicht. Bildung, Klimaschutz und soziale Sicherheit sind Investitionen, keine Sparobjekte!ğŸŒğŸ“šâš–ï¸ FÃ¼r eine verantwortungsvolle Finanzpolitik, die die zukÃ¼nftigen Generationen respektiert. Weitere Informationen: www.diejungemitte.ch/vernehmlassungen #diejungemitte #vernehmlassung #entlastungspaket #sparen #bund",2025-05-07 15:01:27+00:00,2,45,0,0.03,0
instagram.com,https://www.instagram.com/p/DJYfr5oqxHw/?img_index=1,3626745375679463771_2258948227,"Gesichter, Stimmen, Visionen. âœ¨ Wir stellen dir die Redner vor, die das Herz unseres Kongresses 2025 hÃ¶her schlagen lassen werden.  Danke, dass Ihr dazu beitrÃ¤gt, unsere Ãœberlegungen und Debatten zu bereichern. ğŸ—£ï¸ #kongress2025 ##diejungemitte  #martigny",2025-05-06 20:02:44+00:00,8,89,0,0.24,0
instagram.com,https://www.instagram.com/p/DJYfr5oqxHw/?img_index=1,3625928169920086897_2258948227,"Sparen ja, aber nicht auf Kosten der Zukunft! ğŸš€ Die Junge Mitte fordert Verantwortung und Weitblick. Soziale Sicherheit, Bildung und Klimaschutz und sind Investitionen - keine Sparobjekte. FÃ¼r eine verantwortungsvolle, generationengerechte Finanzpolitik. âš–ï¸ğŸ“šğŸŒ Mehr unter: www.diejungemitte.ch/vernehmlassungen #diejungemitte #vernehmlassung #entlastungspaket #sparen #bund",2025-05-05 16:59:05+00:00,8,47,1,0.03,0
instagram.com,https://www.instagram.com/p/DJYfr5oqxHw/?img_index=1,3624246415773513578_2258948227,"ğŸ—ï¸Heute ist der Internationale Tag der Pressefreiheit. Als Junge Mitte setzen wir uns fÃ¼r eine starke, unabhÃ¤ngige Medienlandschaft ein. Freie Presse ist unverzichtbar fÃ¼r Demokratie, Rechtsstaat und eine informierte Gesellschaft. Sie ermÃ¶glicht kritische Berichterstattung und schÃ¼tzt vor Machtmissbrauch. #diejungemitte #tagderpressefreiheit #pressefreiheit  #demokratie #informationsfreiheit #3mai",2025-05-03 09:17:45+00:00,8,62,0,-0.18,0
instagram.com,https://www.instagram.com/p/DJYfr5oqxHw/?img_index=1,3614777968496805577_2258948227,"Frohe Ostern! ğŸ°ğŸ£ Die Junge Mitte Schweiz wÃ¼nscht euch allen ein schÃ¶nes Osterfest und erholsame Tage mit euren Liebsten. In Zeiten voller Herausforderungen ist Zusammenhalt wichtiger denn je. Lasst uns gemeinsam fÃ¼r eine Schweiz einstehen, die LÃ¶sungen sucht, BrÃ¼cken baut und Verantwortung fÃ¼r die Zukunft Ã¼bernimmt.",2025-04-20 07:46:03+00:00,8,72,0,0.71,0
instagram.com,https://www.instagram.com/p/DJYfr5oqxHw/?img_index=1,3613577786073760250_2258948227,"Das diesjÃ¤hrige Sommercamp findet vom 7. August bis am 10. August in Malters im Kanton Luzern statt. â›°ï¸â˜€ï¸ Im Sommercamp bearbeiten wir spannende Themen zu unserer Strategie, Vision und auch erste Vorbereitungen fÃ¼r die kommenden Wahlen werden gemacht. Die Geselligkeit kommt neben der politischen Arbeit nicht zu kurz und es wird diversen AktivitÃ¤ten ausserhalb von Diskussionen und Referaten geben. Deshalb musst auch Du unbedingt dabei sein! â—ï¸ Ab sofort kannst du dich fÃ¼r das Sonmercamp auf unserer Website anmelden. Die PlÃ¤tze sind begrenzt und werden nach dem Prinzip Â«first-come-first-servedÂ» vergeben.  #diejungemitte #sommercamp #malters #luzern",2025-04-18 16:01:42+00:00,2,35,1,0.73,0
instagram.com,https://www.instagram.com/p/DJYfr5oqxHw/?img_index=1,3598375974362213577_2258948227,"Das Programm unseres Kongresses steht fest! ğŸ§¡ Gestalte mit uns die Zukunft an unserem Kongress, der vom 9. bis 11. Mai stattfindet. ğŸš€ Noch bis zum 6. April kannst du dich anmelden (https://diejungemitte.ch/veranstaltungen/kongress2025) â€“ sei dabei und erlebe ein inspirierendes und unterhaltsames Wochenende! ğŸ‰",2025-03-28 16:37:53+00:00,8,44,0,0.31,0
instagram.com,https://www.instagram.com/p/DJYfr5oqxHw/?img_index=1,3597003236963850886_2258948227,"Der wachsende Antisemitismus in der Schweiz macht der Jungen Mitte grosse Sorgen. Es reicht nicht, Antisemitismus zu verurteilen â€“ wir mÃ¼ssen ihn bekÃ¤mpfen. Bildung, klare gesetzliche Regelungen und entschlossene Massnahmen sind jetzt notwendig. #diejungemitte #antisemitismus #antisemitismusbekÃ¤mpfen #forderungen",2025-03-26 19:10:25+00:00,8,105,0,-0.89,0
instagram.com,https://www.instagram.com/p/DJYfr5oqxHw/?img_index=1,3594865341494916603_2258948227,ğŸ”¥ğŸš€ AnlÃ¤sslich der kantonalen Wahlen in Neuenburg wurden zwei Mitglieder der Jungen Mitte als Abgeordnete in den Grossen Rat gewÃ¤hlt. Wir gratulieren @manonfreitag und @marty.jonathan herzlich zu ihrer Wahl und wÃ¼nschen ihnen viel Erfolg in der neuen Legislaturperiode. ğŸ§¡,2025-03-23 20:22:47+00:00,1,62,0,0.42,0
instagram.com,https://www.instagram.com/p/DJYfr5oqxHw/?img_index=1,3593140340509087876_2258948227,"ğŸ“£âš ï¸ Die Junge Mitte unterstÃ¼tzt ihre junge und kompetente StaatsrÃ¤tin @valeriedittli und wÃ¼rdigt die Transparenz, die sie stets an den Tag gelegt hat. Wir sprechen ihr das Vertrauen aus und verurteilen entschieden die anhaltenden Angriffe, denen sie ausgesetzt ist und die dazu beitragen, junge Menschen zu entmutigen, sich politisch zu engagieren und Verantwortung zu Ã¼bernehmen.",2025-03-21 11:15:31+00:00,8,222,1,-0.72,0
instagram.com,https://www.instagram.com/p/DJYfr5oqxHw/?img_index=1,3593005682697959116_2258948227,Heute ist der Internationale Tag der WÃ¤lder und der GletscherğŸŒ²ğŸ—» Als Junge Mitte setzen uns fÃ¼r den Erhalt der WÃ¤lder und Gletscher ein. Sie sind von enormer Bedeutung fÃ¼r die BiodiversitÃ¤t aber auch fÃ¼r unser Ã–kosystem. Beide Ã¼bernehmen dabei wichtige Funktionen. ğŸ‘‰ğŸ» Mehr Informationen zu unseren Forderungen stehen im Post oder unserem Positionspapier Â«Klima und EnergieÂ». Das findest du auf unserer Website. #diejungemitte #tagdeswaldes #welttagdergletscher  #klima #energie,2025-03-21 06:47:59+00:00,8,41,0,0.48,1
instagram.com,https://www.instagram.com/p/DJYfr5oqxHw/?img_index=1,3588175782442886104_2258948227,"Letzte Woche wurde im StÃ¤nderat eine Motion angenommen, welche einen nationalen Aktionsplan zum Schutz einheimischer Fischarten fordert. Die Junge Mitte begrÃ¼sst diesen Entscheid und dankt @regazzifabio @danieljositsch & CÃ©line Vara fÃ¼r ihren Einsatz fÃ¼r unsere Fische. ğŸŸâ¤ï¸ #DieJungeMitte #BiodiversitÃ¤t  #Forelle #Ã„sche #Salmoniden",2025-03-14 17:34:19+00:00,2,102,10,0.2,1
instagram.com,https://www.instagram.com/diejungemitte_ch/,3586551984316595337_2258948227,"Der neue Die-Mitte-Bundesrat heisst Martin Pfister. Er wird mit 134 Stimmen zum Nachfolger von Viola Amherd gewÃ¤hlt. Herzliche Gratulation zur Wahl! ğŸ§¡ Wir sind Ã¼berzeugt, dass mit Martin Pfister eine PersÃ¶nlichkeit in den Bundesrat gewÃ¤hlt wurde, die mit langjÃ¤hriger Erfahrung und grossem Engagement eine lÃ¶sungsorientierte Politik fÃ¼r die Schweiz und die nÃ¤chsten Generationen gestalten wird. Lieber Martin wir wÃ¼nschen Dir alles Gute und viel Erfolg bei Deiner neuen grossen Aufgabe. MÃ¶ge Dein Einsatz fÃ¼r eine nachhaltige und zukunftsgerichtete Entwicklung unseres Landes Dir viel Freude bereiten. #diejungemitte #bundesrat #wahlen #zug",2025-03-12 09:05:37+00:00,1,159,0,1.0,0
instagram.com,https://www.instagram.com/diejungemitte_ch/,3585239622800215739_2258948227,"Letztes Wochenende fand unser Skiweekend auf der Belalp im wunderschÃ¶nen Oberwallis statt. ğŸ‚â›·ï¸â„ï¸ Unser Highlight war klar der Ãœberraschungsbesuch von BundesrÃ¤tin @viola.amherd , die sich extra fÃ¼r unseren Racletteabend Zeit nahm. ğŸ§€ğŸ· Wir danken der Sektion @diejungemitte_oberwallis & @leo_ruppi herzlich fÃ¼r die Organisation und freuen uns auf das nÃ¤chste Skiweekend! #DieJungeMitte #Skiweekend #Belalp #Naters #Oberwallis #ViolaAmherd",2025-03-10 13:38:12+00:00,8,137,0,1.0,0
instagram.com,https://www.instagram.com/diejungemitte_ch/,3585193676749962018_2045144402,Dank der grossartigen UnterstÃ¼tzung des Solothurner Stimmvolks konnten wir unseren WÃ¤hleranteil um 0.10 % steigern und unsere 20 Sitze im Kantonsrat verteidigen. Mit Andrea Heiri holen wir zudem ein weiteres Kantonsratsmandat in der Amtei Olten-GÃ¶sgen.ğŸ’ Unsere beiden bisherigen KantonsrÃ¤tinnen wurden mit herausragenden Ergebnissen fÃ¼r weitere vier Jahre wiedergewÃ¤hlt.ğŸ—³ï¸ Andrea Heiri wird neu in den Kantonsrat gewÃ¤hlt.ğŸ”¥ğŸš€ Hier ein Ãœberblick Ã¼ber unsere (wieder-)gewÃ¤hlten KantonsrÃ¤tinnen: -	Sarah Schreiber-Restelli: 3â€™642 Stimmen -	Rea Eng-Meister: 3â€™460 Stimmen -	Andrea Heiri-Zellweger: 2â€™514 Stimmen In zwei von fÃ¼nf Amteien (Olten-GÃ¶sgen und Dorneck-Thierstein) stellen wir nun den ersten Ersatz-Kantonsrat.ğŸ—³ï¸ Dario Spielmann und Raphael Joray verpassten den Einzug in den Kantonsrat nur knapp: -	Dario Spielmann: 2â€™332 Stimmen -	Raphael Joray: 1â€™951 Stimmen Vielen Dank fÃ¼r die grossartige UnterstÃ¼tzung und das entgegengebrachte Vertrauen!ğŸ§¡ğŸ’œ #MITTEnand #TeamOrange #MitteSO,2025-03-10 12:06:54+00:00,8,92,1,0.17,1
